id,channel_id,profile_pic,name,subscriber_count,timestamp
14445,UC-tBLCGTheczDn5mYNoNWTQ,https://yt3.ggpht.com/gF5mWjhTGyCIKKNADq9XTTVrEg3hfHZKesR7RpZC-4s4uq36ttmEbrpsMnAPtVZLhphtLOPo2E8=s88-c-k-c0x00ffffff-no-rj,Eimi Isami,211,2023-11-27 00:04:54
14446,UC-tBLCGTheczDn5mYNoNWTQ,https://yt3.ggpht.com/gF5mWjhTGyCIKKNADq9XTTVrEg3hfHZKesR7RpZC-4s4uq36ttmEbrpsMnAPtVZLhphtLOPo2E8=s88-c-k-c0x00ffffff-no-rj,Eimi Isami,0,2023-11-26 00:04:54
14453,UC-tBLCGTheczDn5mYNoNWTQ,https://yt3.ggpht.com/gF5mWjhTGyCIKKNADq9XTTVrEg3hfHZKesR7RpZC-4s4uq36ttmEbrpsMnAPtVZLhphtLOPo2E8=s88-c-k-c0x00ffffff-no-rj,Eimi Isami,160,2023-11-28 00:00:00
14492,UC-tBLCGTheczDn5mYNoNWTQ,https://yt3.ggpht.com/gF5mWjhTGyCIKKNADq9XTTVrEg3hfHZKesR7RpZC-4s4uq36ttmEbrpsMnAPtVZLhphtLOPo2E8=s88-c-k-c0x00ffffff-no-rj,Eimi Isami,229,2023-11-29 00:00:00
14514,UC-tBLCGTheczDn5mYNoNWTQ,https://yt3.ggpht.com/gF5mWjhTGyCIKKNADq9XTTVrEg3hfHZKesR7RpZC-4s4uq36ttmEbrpsMnAPtVZLhphtLOPo2E8=s88-c-k-c0x00ffffff-no-rj,Eimi Isami,236,2023-11-30 00:00:00
14538,UC-tBLCGTheczDn5mYNoNWTQ,https://yt3.ggpht.com/gF5mWjhTGyCIKKNADq9XTTVrEg3hfHZKesR7RpZC-4s4uq36ttmEbrpsMnAPtVZLhphtLOPo2E8=s800-c-k-c0x00ffffff-no-rj,Eimi Isami,194,2023-12-01 19:01:23
14557,UC-tBLCGTheczDn5mYNoNWTQ,https://yt3.ggpht.com/gF5mWjhTGyCIKKNADq9XTTVrEg3hfHZKesR7RpZC-4s4uq36ttmEbrpsMnAPtVZLhphtLOPo2E8=s800-c-k-c0x00ffffff-no-rj,Eimi Isami,190,2023-12-02 00:00:55
14579,UC-tBLCGTheczDn5mYNoNWTQ,https://yt3.ggpht.com/gF5mWjhTGyCIKKNADq9XTTVrEg3hfHZKesR7RpZC-4s4uq36ttmEbrpsMnAPtVZLhphtLOPo2E8=s800-c-k-c0x00ffffff-no-rj,Eimi Isami,204,2023-12-03 00:00:55
14601,UC-tBLCGTheczDn5mYNoNWTQ,https://yt3.ggpht.com/gF5mWjhTGyCIKKNADq9XTTVrEg3hfHZKesR7RpZC-4s4uq36ttmEbrpsMnAPtVZLhphtLOPo2E8=s800-c-k-c0x00ffffff-no-rj,Eimi Isami,242,2023-12-04 00:00:55
14623,UC-tBLCGTheczDn5mYNoNWTQ,https://yt3.ggpht.com/nRECJYBCNyA91BI9hn_U3xJ-61mGlbjD_RpozsLY5wsZtlQ0XXTyVOGlGsbmFHKWV9XNy08o=s800-c-k-c0x00ffffff-no-rj,Eimi Isami,1200,2023-12-05 00:00:52
14645,UC-tBLCGTheczDn5mYNoNWTQ,https://yt3.ggpht.com/nRECJYBCNyA91BI9hn_U3xJ-61mGlbjD_RpozsLY5wsZtlQ0XXTyVOGlGsbmFHKWV9XNy08o=s800-c-k-c0x00ffffff-no-rj,Eimi Isami,1700,2023-12-06 00:00:53
14667,UC-tBLCGTheczDn5mYNoNWTQ,https://yt3.ggpht.com/cY2qqqyRPQ2eh0WxWldUh-yj15ymnmsinYZSpuV7FOpzMhNOsnpEK1PPU-xSzZ87d4rw3vcr=s800-c-k-c0x00ffffff-no-rj,Eimi Isami,1290,2023-12-07 00:00:53
14689,UC-tBLCGTheczDn5mYNoNWTQ,https://yt3.ggpht.com/cY2qqqyRPQ2eh0WxWldUh-yj15ymnmsinYZSpuV7FOpzMhNOsnpEK1PPU-xSzZ87d4rw3vcr=s800-c-k-c0x00ffffff-no-rj,Eimi Isami,1710,2023-12-08 00:00:52
14945,UC-tBLCGTheczDn5mYNoNWTQ,https://yt3.ggpht.com/cY2qqqyRPQ2eh0WxWldUh-yj15ymnmsinYZSpuV7FOpzMhNOsnpEK1PPU-xSzZ87d4rw3vcr=s800-c-k-c0x00ffffff-no-rj,Eimi Isami,2020,2023-12-09 00:00:53
14967,UC-tBLCGTheczDn5mYNoNWTQ,https://yt3.ggpht.com/cY2qqqyRPQ2eh0WxWldUh-yj15ymnmsinYZSpuV7FOpzMhNOsnpEK1PPU-xSzZ87d4rw3vcr=s800-c-k-c0x00ffffff-no-rj,Eimi Isami,2120,2023-12-10 00:01:14
14989,UC-tBLCGTheczDn5mYNoNWTQ,https://yt3.ggpht.com/cY2qqqyRPQ2eh0WxWldUh-yj15ymnmsinYZSpuV7FOpzMhNOsnpEK1PPU-xSzZ87d4rw3vcr=s800-c-k-c0x00ffffff-no-rj,Eimi Isami,2370,2023-12-11 00:00:52
15011,UC-tBLCGTheczDn5mYNoNWTQ,https://yt3.ggpht.com/cY2qqqyRPQ2eh0WxWldUh-yj15ymnmsinYZSpuV7FOpzMhNOsnpEK1PPU-xSzZ87d4rw3vcr=s800-c-k-c0x00ffffff-no-rj,Eimi Isami,2650,2023-12-12 00:00:48
15033,UC-tBLCGTheczDn5mYNoNWTQ,https://yt3.ggpht.com/cY2qqqyRPQ2eh0WxWldUh-yj15ymnmsinYZSpuV7FOpzMhNOsnpEK1PPU-xSzZ87d4rw3vcr=s800-c-k-c0x00ffffff-no-rj,Eimi Isami,2890,2023-12-13 00:00:48
15055,UC-tBLCGTheczDn5mYNoNWTQ,https://yt3.ggpht.com/cY2qqqyRPQ2eh0WxWldUh-yj15ymnmsinYZSpuV7FOpzMhNOsnpEK1PPU-xSzZ87d4rw3vcr=s800-c-k-c0x00ffffff-no-rj,Eimi Isami,3120,2023-12-14 00:00:50
15078,UC-tBLCGTheczDn5mYNoNWTQ,https://yt3.ggpht.com/cY2qqqyRPQ2eh0WxWldUh-yj15ymnmsinYZSpuV7FOpzMhNOsnpEK1PPU-xSzZ87d4rw3vcr=s800-c-k-c0x00ffffff-no-rj,Eimi Isami,3070,2023-12-15 00:00:49
15144,UC-tBLCGTheczDn5mYNoNWTQ,https://yt3.ggpht.com/cY2qqqyRPQ2eh0WxWldUh-yj15ymnmsinYZSpuV7FOpzMhNOsnpEK1PPU-xSzZ87d4rw3vcr=s800-c-k-c0x00ffffff-no-rj,Eimi Isami,3100,2023-12-15 02:12:34
15166,UC-tBLCGTheczDn5mYNoNWTQ,https://yt3.ggpht.com/cY2qqqyRPQ2eh0WxWldUh-yj15ymnmsinYZSpuV7FOpzMhNOsnpEK1PPU-xSzZ87d4rw3vcr=s800-c-k-c0x00ffffff-no-rj,Eimi Isami,3100,2023-12-15 02:40:30
15188,UC-tBLCGTheczDn5mYNoNWTQ,https://yt3.ggpht.com/cY2qqqyRPQ2eh0WxWldUh-yj15ymnmsinYZSpuV7FOpzMhNOsnpEK1PPU-xSzZ87d4rw3vcr=s800-c-k-c0x00ffffff-no-rj,Eimi Isami,3110,2023-12-15 03:41:00
15210,UC-tBLCGTheczDn5mYNoNWTQ,https://yt3.ggpht.com/cY2qqqyRPQ2eh0WxWldUh-yj15ymnmsinYZSpuV7FOpzMhNOsnpEK1PPU-xSzZ87d4rw3vcr=s800-c-k-c0x00ffffff-no-rj,Eimi Isami,3120,2023-12-15 04:40:52
15232,UC-tBLCGTheczDn5mYNoNWTQ,https://yt3.ggpht.com/cY2qqqyRPQ2eh0WxWldUh-yj15ymnmsinYZSpuV7FOpzMhNOsnpEK1PPU-xSzZ87d4rw3vcr=s800-c-k-c0x00ffffff-no-rj,Eimi Isami,3130,2023-12-15 05:40:43
15254,UC-tBLCGTheczDn5mYNoNWTQ,https://yt3.ggpht.com/cY2qqqyRPQ2eh0WxWldUh-yj15ymnmsinYZSpuV7FOpzMhNOsnpEK1PPU-xSzZ87d4rw3vcr=s800-c-k-c0x00ffffff-no-rj,Eimi Isami,3140,2023-12-15 06:40:37
15276,UC-tBLCGTheczDn5mYNoNWTQ,https://yt3.ggpht.com/cY2qqqyRPQ2eh0WxWldUh-yj15ymnmsinYZSpuV7FOpzMhNOsnpEK1PPU-xSzZ87d4rw3vcr=s800-c-k-c0x00ffffff-no-rj,Eimi Isami,3150,2023-12-15 07:40:44
15298,UC-tBLCGTheczDn5mYNoNWTQ,https://yt3.ggpht.com/cY2qqqyRPQ2eh0WxWldUh-yj15ymnmsinYZSpuV7FOpzMhNOsnpEK1PPU-xSzZ87d4rw3vcr=s800-c-k-c0x00ffffff-no-rj,Eimi Isami,3170,2023-12-15 08:40:43
15320,UC-tBLCGTheczDn5mYNoNWTQ,https://yt3.ggpht.com/cY2qqqyRPQ2eh0WxWldUh-yj15ymnmsinYZSpuV7FOpzMhNOsnpEK1PPU-xSzZ87d4rw3vcr=s800-c-k-c0x00ffffff-no-rj,Eimi Isami,3190,2023-12-15 09:34:22
15342,UC-tBLCGTheczDn5mYNoNWTQ,https://yt3.ggpht.com/cY2qqqyRPQ2eh0WxWldUh-yj15ymnmsinYZSpuV7FOpzMhNOsnpEK1PPU-xSzZ87d4rw3vcr=s800-c-k-c0x00ffffff-no-rj,Eimi Isami,3200,2023-12-15 09:40:45
15364,UC-tBLCGTheczDn5mYNoNWTQ,https://yt3.ggpht.com/cY2qqqyRPQ2eh0WxWldUh-yj15ymnmsinYZSpuV7FOpzMhNOsnpEK1PPU-xSzZ87d4rw3vcr=s800-c-k-c0x00ffffff-no-rj,Eimi Isami,3200,2023-12-15 09:46:50
15386,UC-tBLCGTheczDn5mYNoNWTQ,https://yt3.ggpht.com/cY2qqqyRPQ2eh0WxWldUh-yj15ymnmsinYZSpuV7FOpzMhNOsnpEK1PPU-xSzZ87d4rw3vcr=s800-c-k-c0x00ffffff-no-rj,Eimi Isami,3200,2023-12-15 09:50:34
15408,UC-tBLCGTheczDn5mYNoNWTQ,https://yt3.ggpht.com/cY2qqqyRPQ2eh0WxWldUh-yj15ymnmsinYZSpuV7FOpzMhNOsnpEK1PPU-xSzZ87d4rw3vcr=s800-c-k-c0x00ffffff-no-rj,Eimi Isami,3440,2023-12-16 10:01:09
15430,UC-tBLCGTheczDn5mYNoNWTQ,https://yt3.ggpht.com/cY2qqqyRPQ2eh0WxWldUh-yj15ymnmsinYZSpuV7FOpzMhNOsnpEK1PPU-xSzZ87d4rw3vcr=s800-c-k-c0x00ffffff-no-rj,Eimi Isami,3900,2023-12-17 10:00:48
15452,UC-tBLCGTheczDn5mYNoNWTQ,https://yt3.ggpht.com/cY2qqqyRPQ2eh0WxWldUh-yj15ymnmsinYZSpuV7FOpzMhNOsnpEK1PPU-xSzZ87d4rw3vcr=s800-c-k-c0x00ffffff-no-rj,Eimi Isami,8560,2023-12-18 10:01:15
15474,UC-tBLCGTheczDn5mYNoNWTQ,https://yt3.ggpht.com/cY2qqqyRPQ2eh0WxWldUh-yj15ymnmsinYZSpuV7FOpzMhNOsnpEK1PPU-xSzZ87d4rw3vcr=s800-c-k-c0x00ffffff-no-rj,Eimi Isami,9830,2023-12-19 10:01:07
15496,UC-tBLCGTheczDn5mYNoNWTQ,https://yt3.ggpht.com/cY2qqqyRPQ2eh0WxWldUh-yj15ymnmsinYZSpuV7FOpzMhNOsnpEK1PPU-xSzZ87d4rw3vcr=s800-c-k-c0x00ffffff-no-rj,Eimi Isami,10700,2023-12-20 10:01:02
15518,UC-tBLCGTheczDn5mYNoNWTQ,https://yt3.ggpht.com/cY2qqqyRPQ2eh0WxWldUh-yj15ymnmsinYZSpuV7FOpzMhNOsnpEK1PPU-xSzZ87d4rw3vcr=s800-c-k-c0x00ffffff-no-rj,Eimi Isami,11200,2023-12-21 10:01:02
15540,UC-tBLCGTheczDn5mYNoNWTQ,https://yt3.ggpht.com/cY2qqqyRPQ2eh0WxWldUh-yj15ymnmsinYZSpuV7FOpzMhNOsnpEK1PPU-xSzZ87d4rw3vcr=s800-c-k-c0x00ffffff-no-rj,Eimi Isami,11700,2023-12-22 10:01:51
15562,UC-tBLCGTheczDn5mYNoNWTQ,https://yt3.ggpht.com/cY2qqqyRPQ2eh0WxWldUh-yj15ymnmsinYZSpuV7FOpzMhNOsnpEK1PPU-xSzZ87d4rw3vcr=s800-c-k-c0x00ffffff-no-rj,Eimi Isami,12200,2023-12-23 10:01:06
15584,UC-tBLCGTheczDn5mYNoNWTQ,https://yt3.ggpht.com/cY2qqqyRPQ2eh0WxWldUh-yj15ymnmsinYZSpuV7FOpzMhNOsnpEK1PPU-xSzZ87d4rw3vcr=s800-c-k-c0x00ffffff-no-rj,Eimi Isami,12400,2023-12-24 10:01:05
15817,UC-tBLCGTheczDn5mYNoNWTQ,https://yt3.ggpht.com/cY2qqqyRPQ2eh0WxWldUh-yj15ymnmsinYZSpuV7FOpzMhNOsnpEK1PPU-xSzZ87d4rw3vcr=s800-c-k-c0x00ffffff-no-rj,Eimi Isami,14900,2024-01-02 20:22:05
15839,UC-tBLCGTheczDn5mYNoNWTQ,https://yt3.ggpht.com/cY2qqqyRPQ2eh0WxWldUh-yj15ymnmsinYZSpuV7FOpzMhNOsnpEK1PPU-xSzZ87d4rw3vcr=s800-c-k-c0x00ffffff-no-rj,Eimi Isami,15300,2024-01-03 21:00:36
15861,UC-tBLCGTheczDn5mYNoNWTQ,https://yt3.ggpht.com/cY2qqqyRPQ2eh0WxWldUh-yj15ymnmsinYZSpuV7FOpzMhNOsnpEK1PPU-xSzZ87d4rw3vcr=s800-c-k-c0x00ffffff-no-rj,Eimi Isami,15500,2024-01-04 21:01:41
15883,UC-tBLCGTheczDn5mYNoNWTQ,https://yt3.ggpht.com/cY2qqqyRPQ2eh0WxWldUh-yj15ymnmsinYZSpuV7FOpzMhNOsnpEK1PPU-xSzZ87d4rw3vcr=s800-c-k-c0x00ffffff-no-rj,Eimi Isami,15800,2024-01-05 21:01:01
15905,UC-tBLCGTheczDn5mYNoNWTQ,https://yt3.ggpht.com/cY2qqqyRPQ2eh0WxWldUh-yj15ymnmsinYZSpuV7FOpzMhNOsnpEK1PPU-xSzZ87d4rw3vcr=s800-c-k-c0x00ffffff-no-rj,Eimi Isami,15900,2024-01-06 21:01:28
15927,UC-tBLCGTheczDn5mYNoNWTQ,https://yt3.ggpht.com/cY2qqqyRPQ2eh0WxWldUh-yj15ymnmsinYZSpuV7FOpzMhNOsnpEK1PPU-xSzZ87d4rw3vcr=s800-c-k-c0x00ffffff-no-rj,Eimi Isami,16100,2024-01-07 21:01:08
15949,UC-tBLCGTheczDn5mYNoNWTQ,https://yt3.ggpht.com/cY2qqqyRPQ2eh0WxWldUh-yj15ymnmsinYZSpuV7FOpzMhNOsnpEK1PPU-xSzZ87d4rw3vcr=s800-c-k-c0x00ffffff-no-rj,Eimi Isami,16300,2024-01-08 21:01:11
15971,UC-tBLCGTheczDn5mYNoNWTQ,https://yt3.ggpht.com/cY2qqqyRPQ2eh0WxWldUh-yj15ymnmsinYZSpuV7FOpzMhNOsnpEK1PPU-xSzZ87d4rw3vcr=s800-c-k-c0x00ffffff-no-rj,Eimi Isami,16500,2024-01-09 21:02:18
15993,UC-tBLCGTheczDn5mYNoNWTQ,https://yt3.ggpht.com/cY2qqqyRPQ2eh0WxWldUh-yj15ymnmsinYZSpuV7FOpzMhNOsnpEK1PPU-xSzZ87d4rw3vcr=s800-c-k-c0x00ffffff-no-rj,Eimi Isami,16900,2024-01-10 21:01:45
16015,UC-tBLCGTheczDn5mYNoNWTQ,https://yt3.ggpht.com/cY2qqqyRPQ2eh0WxWldUh-yj15ymnmsinYZSpuV7FOpzMhNOsnpEK1PPU-xSzZ87d4rw3vcr=s800-c-k-c0x00ffffff-no-rj,Eimi Isami,17000,2024-01-11 21:01:28
16037,UC-tBLCGTheczDn5mYNoNWTQ,https://yt3.ggpht.com/cY2qqqyRPQ2eh0WxWldUh-yj15ymnmsinYZSpuV7FOpzMhNOsnpEK1PPU-xSzZ87d4rw3vcr=s800-c-k-c0x00ffffff-no-rj,Eimi Isami,17100,2024-01-12 21:01:43
16059,UC-tBLCGTheczDn5mYNoNWTQ,https://yt3.ggpht.com/cY2qqqyRPQ2eh0WxWldUh-yj15ymnmsinYZSpuV7FOpzMhNOsnpEK1PPU-xSzZ87d4rw3vcr=s800-c-k-c0x00ffffff-no-rj,Eimi Isami,17200,2024-01-13 21:01:35
16081,UC-tBLCGTheczDn5mYNoNWTQ,https://yt3.ggpht.com/cY2qqqyRPQ2eh0WxWldUh-yj15ymnmsinYZSpuV7FOpzMhNOsnpEK1PPU-xSzZ87d4rw3vcr=s800-c-k-c0x00ffffff-no-rj,Eimi Isami,17300,2024-01-14 21:01:37
16103,UC-tBLCGTheczDn5mYNoNWTQ,https://yt3.ggpht.com/cY2qqqyRPQ2eh0WxWldUh-yj15ymnmsinYZSpuV7FOpzMhNOsnpEK1PPU-xSzZ87d4rw3vcr=s800-c-k-c0x00ffffff-no-rj,Eimi Isami,17400,2024-01-15 21:01:40
16332,UC-tBLCGTheczDn5mYNoNWTQ,https://yt3.ggpht.com/cY2qqqyRPQ2eh0WxWldUh-yj15ymnmsinYZSpuV7FOpzMhNOsnpEK1PPU-xSzZ87d4rw3vcr=s800-c-k-c0x00ffffff-no-rj,Eimi Isami,17700,2024-01-18 18:33:30
16358,UC-tBLCGTheczDn5mYNoNWTQ,https://yt3.ggpht.com/cY2qqqyRPQ2eh0WxWldUh-yj15ymnmsinYZSpuV7FOpzMhNOsnpEK1PPU-xSzZ87d4rw3vcr=s800-c-k-c0x00ffffff-no-rj,Eimi Isami,17800,2024-01-19 19:01:49
16384,UC-tBLCGTheczDn5mYNoNWTQ,https://yt3.ggpht.com/cY2qqqyRPQ2eh0WxWldUh-yj15ymnmsinYZSpuV7FOpzMhNOsnpEK1PPU-xSzZ87d4rw3vcr=s800-c-k-c0x00ffffff-no-rj,Eimi Isami,17900,2024-01-20 19:02:14
16410,UC-tBLCGTheczDn5mYNoNWTQ,https://yt3.ggpht.com/cY2qqqyRPQ2eh0WxWldUh-yj15ymnmsinYZSpuV7FOpzMhNOsnpEK1PPU-xSzZ87d4rw3vcr=s800-c-k-c0x00ffffff-no-rj,Eimi Isami,18000,2024-01-21 19:00:43
16436,UC-tBLCGTheczDn5mYNoNWTQ,https://yt3.ggpht.com/cY2qqqyRPQ2eh0WxWldUh-yj15ymnmsinYZSpuV7FOpzMhNOsnpEK1PPU-xSzZ87d4rw3vcr=s800-c-k-c0x00ffffff-no-rj,Eimi Isami,18000,2024-01-22 01:00:23
16462,UC-tBLCGTheczDn5mYNoNWTQ,https://yt3.ggpht.com/cY2qqqyRPQ2eh0WxWldUh-yj15ymnmsinYZSpuV7FOpzMhNOsnpEK1PPU-xSzZ87d4rw3vcr=s800-c-k-c0x00ffffff-no-rj,Eimi Isami,18000,2024-01-22 01:02:12
16488,UC-tBLCGTheczDn5mYNoNWTQ,https://yt3.ggpht.com/cY2qqqyRPQ2eh0WxWldUh-yj15ymnmsinYZSpuV7FOpzMhNOsnpEK1PPU-xSzZ87d4rw3vcr=s800-c-k-c0x00ffffff-no-rj,Eimi Isami,18100,2024-01-23 01:02:05
16514,UC-tBLCGTheczDn5mYNoNWTQ,https://yt3.ggpht.com/cY2qqqyRPQ2eh0WxWldUh-yj15ymnmsinYZSpuV7FOpzMhNOsnpEK1PPU-xSzZ87d4rw3vcr=s800-c-k-c0x00ffffff-no-rj,Eimi Isami,18200,2024-01-24 01:01:42
16540,UC-tBLCGTheczDn5mYNoNWTQ,https://yt3.ggpht.com/cY2qqqyRPQ2eh0WxWldUh-yj15ymnmsinYZSpuV7FOpzMhNOsnpEK1PPU-xSzZ87d4rw3vcr=s800-c-k-c0x00ffffff-no-rj,Eimi Isami,18300,2024-01-25 01:01:47
16566,UC-tBLCGTheczDn5mYNoNWTQ,https://yt3.ggpht.com/cY2qqqyRPQ2eh0WxWldUh-yj15ymnmsinYZSpuV7FOpzMhNOsnpEK1PPU-xSzZ87d4rw3vcr=s800-c-k-c0x00ffffff-no-rj,Eimi Isami,18400,2024-01-26 01:01:36
16592,UC-tBLCGTheczDn5mYNoNWTQ,https://yt3.ggpht.com/cY2qqqyRPQ2eh0WxWldUh-yj15ymnmsinYZSpuV7FOpzMhNOsnpEK1PPU-xSzZ87d4rw3vcr=s800-c-k-c0x00ffffff-no-rj,Eimi Isami,18600,2024-01-27 01:02:08
16618,UC-tBLCGTheczDn5mYNoNWTQ,https://yt3.ggpht.com/cY2qqqyRPQ2eh0WxWldUh-yj15ymnmsinYZSpuV7FOpzMhNOsnpEK1PPU-xSzZ87d4rw3vcr=s800-c-k-c0x00ffffff-no-rj,Eimi Isami,18700,2024-01-28 01:02:05
16646,UC-tBLCGTheczDn5mYNoNWTQ,https://yt3.ggpht.com/cY2qqqyRPQ2eh0WxWldUh-yj15ymnmsinYZSpuV7FOpzMhNOsnpEK1PPU-xSzZ87d4rw3vcr=s800-c-k-c0x00ffffff-no-rj,Eimi Isami,18800,2024-01-29 21:02:15
16673,UC-tBLCGTheczDn5mYNoNWTQ,https://yt3.ggpht.com/cY2qqqyRPQ2eh0WxWldUh-yj15ymnmsinYZSpuV7FOpzMhNOsnpEK1PPU-xSzZ87d4rw3vcr=s800-c-k-c0x00ffffff-no-rj,Eimi Isami,18800,2024-01-30 21:02:09
16700,UC-tBLCGTheczDn5mYNoNWTQ,https://yt3.ggpht.com/cY2qqqyRPQ2eh0WxWldUh-yj15ymnmsinYZSpuV7FOpzMhNOsnpEK1PPU-xSzZ87d4rw3vcr=s800-c-k-c0x00ffffff-no-rj,Eimi Isami,18900,2024-01-31 21:02:04
16727,UC-tBLCGTheczDn5mYNoNWTQ,https://yt3.ggpht.com/cY2qqqyRPQ2eh0WxWldUh-yj15ymnmsinYZSpuV7FOpzMhNOsnpEK1PPU-xSzZ87d4rw3vcr=s800-c-k-c0x00ffffff-no-rj,Eimi Isami,19000,2024-02-01 21:02:05
16754,UC-tBLCGTheczDn5mYNoNWTQ,https://yt3.ggpht.com/cY2qqqyRPQ2eh0WxWldUh-yj15ymnmsinYZSpuV7FOpzMhNOsnpEK1PPU-xSzZ87d4rw3vcr=s800-c-k-c0x00ffffff-no-rj,Eimi Isami,19100,2024-02-02 21:01:27
16781,UC-tBLCGTheczDn5mYNoNWTQ,https://yt3.ggpht.com/cY2qqqyRPQ2eh0WxWldUh-yj15ymnmsinYZSpuV7FOpzMhNOsnpEK1PPU-xSzZ87d4rw3vcr=s800-c-k-c0x00ffffff-no-rj,Eimi Isami,19100,2024-02-03 21:01:03
16808,UC-tBLCGTheczDn5mYNoNWTQ,https://yt3.ggpht.com/cY2qqqyRPQ2eh0WxWldUh-yj15ymnmsinYZSpuV7FOpzMhNOsnpEK1PPU-xSzZ87d4rw3vcr=s800-c-k-c0x00ffffff-no-rj,Eimi Isami,19200,2024-02-04 21:01:49
16835,UC-tBLCGTheczDn5mYNoNWTQ,https://yt3.ggpht.com/cY2qqqyRPQ2eh0WxWldUh-yj15ymnmsinYZSpuV7FOpzMhNOsnpEK1PPU-xSzZ87d4rw3vcr=s800-c-k-c0x00ffffff-no-rj,Eimi Isami,19200,2024-02-05 21:01:59
16862,UC-tBLCGTheczDn5mYNoNWTQ,https://yt3.ggpht.com/cY2qqqyRPQ2eh0WxWldUh-yj15ymnmsinYZSpuV7FOpzMhNOsnpEK1PPU-xSzZ87d4rw3vcr=s800-c-k-c0x00ffffff-no-rj,Eimi Isami,19300,2024-02-06 21:01:42
16889,UC-tBLCGTheczDn5mYNoNWTQ,https://yt3.ggpht.com/cY2qqqyRPQ2eh0WxWldUh-yj15ymnmsinYZSpuV7FOpzMhNOsnpEK1PPU-xSzZ87d4rw3vcr=s800-c-k-c0x00ffffff-no-rj,Eimi Isami,19400,2024-02-07 21:02:36
16916,UC-tBLCGTheczDn5mYNoNWTQ,https://yt3.ggpht.com/cY2qqqyRPQ2eh0WxWldUh-yj15ymnmsinYZSpuV7FOpzMhNOsnpEK1PPU-xSzZ87d4rw3vcr=s800-c-k-c0x00ffffff-no-rj,Eimi Isami,19500,2024-02-08 21:01:58
16943,UC-tBLCGTheczDn5mYNoNWTQ,https://yt3.ggpht.com/cY2qqqyRPQ2eh0WxWldUh-yj15ymnmsinYZSpuV7FOpzMhNOsnpEK1PPU-xSzZ87d4rw3vcr=s800-c-k-c0x00ffffff-no-rj,Eimi Isami,19600,2024-02-09 21:01:55
16970,UC-tBLCGTheczDn5mYNoNWTQ,https://yt3.ggpht.com/cY2qqqyRPQ2eh0WxWldUh-yj15ymnmsinYZSpuV7FOpzMhNOsnpEK1PPU-xSzZ87d4rw3vcr=s800-c-k-c0x00ffffff-no-rj,Eimi Isami,19700,2024-02-10 21:01:57
16997,UC-tBLCGTheczDn5mYNoNWTQ,https://yt3.ggpht.com/cY2qqqyRPQ2eh0WxWldUh-yj15ymnmsinYZSpuV7FOpzMhNOsnpEK1PPU-xSzZ87d4rw3vcr=s800-c-k-c0x00ffffff-no-rj,Eimi Isami,19800,2024-02-11 21:01:49
17024,UC-tBLCGTheczDn5mYNoNWTQ,https://yt3.ggpht.com/cY2qqqyRPQ2eh0WxWldUh-yj15ymnmsinYZSpuV7FOpzMhNOsnpEK1PPU-xSzZ87d4rw3vcr=s800-c-k-c0x00ffffff-no-rj,Eimi Isami,19900,2024-02-12 21:02:04
17051,UC-tBLCGTheczDn5mYNoNWTQ,https://yt3.ggpht.com/cY2qqqyRPQ2eh0WxWldUh-yj15ymnmsinYZSpuV7FOpzMhNOsnpEK1PPU-xSzZ87d4rw3vcr=s800-c-k-c0x00ffffff-no-rj,Eimi Isami,20100,2024-02-13 21:01:42
17078,UC-tBLCGTheczDn5mYNoNWTQ,https://yt3.ggpht.com/cY2qqqyRPQ2eh0WxWldUh-yj15ymnmsinYZSpuV7FOpzMhNOsnpEK1PPU-xSzZ87d4rw3vcr=s800-c-k-c0x00ffffff-no-rj,Eimi Isami,20300,2024-02-14 22:01:53
17105,UC-tBLCGTheczDn5mYNoNWTQ,https://yt3.ggpht.com/cY2qqqyRPQ2eh0WxWldUh-yj15ymnmsinYZSpuV7FOpzMhNOsnpEK1PPU-xSzZ87d4rw3vcr=s800-c-k-c0x00ffffff-no-rj,Eimi Isami,20600,2024-02-15 22:02:01
17132,UC-tBLCGTheczDn5mYNoNWTQ,https://yt3.ggpht.com/cY2qqqyRPQ2eh0WxWldUh-yj15ymnmsinYZSpuV7FOpzMhNOsnpEK1PPU-xSzZ87d4rw3vcr=s800-c-k-c0x00ffffff-no-rj,Eimi Isami,20800,2024-02-16 22:01:52
17159,UC-tBLCGTheczDn5mYNoNWTQ,https://yt3.ggpht.com/cY2qqqyRPQ2eh0WxWldUh-yj15ymnmsinYZSpuV7FOpzMhNOsnpEK1PPU-xSzZ87d4rw3vcr=s800-c-k-c0x00ffffff-no-rj,Eimi Isami,20900,2024-02-17 22:02:01
17186,UC-tBLCGTheczDn5mYNoNWTQ,https://yt3.ggpht.com/cY2qqqyRPQ2eh0WxWldUh-yj15ymnmsinYZSpuV7FOpzMhNOsnpEK1PPU-xSzZ87d4rw3vcr=s800-c-k-c0x00ffffff-no-rj,Eimi Isami,20900,2024-02-18 22:02:24
17213,UC-tBLCGTheczDn5mYNoNWTQ,https://yt3.ggpht.com/cY2qqqyRPQ2eh0WxWldUh-yj15ymnmsinYZSpuV7FOpzMhNOsnpEK1PPU-xSzZ87d4rw3vcr=s800-c-k-c0x00ffffff-no-rj,Eimi Isami,21100,2024-02-19 22:02:00
17240,UC-tBLCGTheczDn5mYNoNWTQ,https://yt3.ggpht.com/cY2qqqyRPQ2eh0WxWldUh-yj15ymnmsinYZSpuV7FOpzMhNOsnpEK1PPU-xSzZ87d4rw3vcr=s800-c-k-c0x00ffffff-no-rj,Eimi Isami,21200,2024-02-20 22:01:02
17267,UC-tBLCGTheczDn5mYNoNWTQ,https://yt3.ggpht.com/cY2qqqyRPQ2eh0WxWldUh-yj15ymnmsinYZSpuV7FOpzMhNOsnpEK1PPU-xSzZ87d4rw3vcr=s800-c-k-c0x00ffffff-no-rj,Eimi Isami,21400,2024-02-21 22:02:11
17294,UC-tBLCGTheczDn5mYNoNWTQ,https://yt3.ggpht.com/cY2qqqyRPQ2eh0WxWldUh-yj15ymnmsinYZSpuV7FOpzMhNOsnpEK1PPU-xSzZ87d4rw3vcr=s800-c-k-c0x00ffffff-no-rj,Eimi Isami,21500,2024-02-22 22:01:39
17321,UC-tBLCGTheczDn5mYNoNWTQ,https://yt3.ggpht.com/cY2qqqyRPQ2eh0WxWldUh-yj15ymnmsinYZSpuV7FOpzMhNOsnpEK1PPU-xSzZ87d4rw3vcr=s800-c-k-c0x00ffffff-no-rj,Eimi Isami,21500,2024-02-23 22:01:52
17348,UC-tBLCGTheczDn5mYNoNWTQ,https://yt3.ggpht.com/cY2qqqyRPQ2eh0WxWldUh-yj15ymnmsinYZSpuV7FOpzMhNOsnpEK1PPU-xSzZ87d4rw3vcr=s800-c-k-c0x00ffffff-no-rj,Eimi Isami,21600,2024-02-24 22:01:45
17375,UC-tBLCGTheczDn5mYNoNWTQ,https://yt3.ggpht.com/cY2qqqyRPQ2eh0WxWldUh-yj15ymnmsinYZSpuV7FOpzMhNOsnpEK1PPU-xSzZ87d4rw3vcr=s800-c-k-c0x00ffffff-no-rj,Eimi Isami,21700,2024-02-25 22:01:24
17402,UC-tBLCGTheczDn5mYNoNWTQ,https://yt3.ggpht.com/cY2qqqyRPQ2eh0WxWldUh-yj15ymnmsinYZSpuV7FOpzMhNOsnpEK1PPU-xSzZ87d4rw3vcr=s800-c-k-c0x00ffffff-no-rj,Eimi Isami,21800,2024-02-26 22:01:53
17429,UC-tBLCGTheczDn5mYNoNWTQ,https://yt3.ggpht.com/cY2qqqyRPQ2eh0WxWldUh-yj15ymnmsinYZSpuV7FOpzMhNOsnpEK1PPU-xSzZ87d4rw3vcr=s800-c-k-c0x00ffffff-no-rj,Eimi Isami,21900,2024-02-27 22:01:26
17456,UC-tBLCGTheczDn5mYNoNWTQ,https://yt3.ggpht.com/cY2qqqyRPQ2eh0WxWldUh-yj15ymnmsinYZSpuV7FOpzMhNOsnpEK1PPU-xSzZ87d4rw3vcr=s800-c-k-c0x00ffffff-no-rj,Eimi Isami,22000,2024-02-28 22:01:34
17483,UC-tBLCGTheczDn5mYNoNWTQ,https://yt3.ggpht.com/cY2qqqyRPQ2eh0WxWldUh-yj15ymnmsinYZSpuV7FOpzMhNOsnpEK1PPU-xSzZ87d4rw3vcr=s800-c-k-c0x00ffffff-no-rj,Eimi Isami,22000,2024-02-29 22:01:31
17510,UC-tBLCGTheczDn5mYNoNWTQ,https://yt3.ggpht.com/cY2qqqyRPQ2eh0WxWldUh-yj15ymnmsinYZSpuV7FOpzMhNOsnpEK1PPU-xSzZ87d4rw3vcr=s800-c-k-c0x00ffffff-no-rj,Eimi Isami,22100,2024-03-01 22:01:36
17537,UC-tBLCGTheczDn5mYNoNWTQ,https://yt3.ggpht.com/cY2qqqyRPQ2eh0WxWldUh-yj15ymnmsinYZSpuV7FOpzMhNOsnpEK1PPU-xSzZ87d4rw3vcr=s800-c-k-c0x00ffffff-no-rj,Eimi Isami,22100,2024-03-02 22:01:26
17564,UC-tBLCGTheczDn5mYNoNWTQ,https://yt3.ggpht.com/cY2qqqyRPQ2eh0WxWldUh-yj15ymnmsinYZSpuV7FOpzMhNOsnpEK1PPU-xSzZ87d4rw3vcr=s800-c-k-c0x00ffffff-no-rj,Eimi Isami,22200,2024-03-03 22:01:42
17591,UC-tBLCGTheczDn5mYNoNWTQ,https://yt3.ggpht.com/cY2qqqyRPQ2eh0WxWldUh-yj15ymnmsinYZSpuV7FOpzMhNOsnpEK1PPU-xSzZ87d4rw3vcr=s800-c-k-c0x00ffffff-no-rj,Eimi Isami,22300,2024-03-04 22:01:39
17618,UC-tBLCGTheczDn5mYNoNWTQ,https://yt3.ggpht.com/cY2qqqyRPQ2eh0WxWldUh-yj15ymnmsinYZSpuV7FOpzMhNOsnpEK1PPU-xSzZ87d4rw3vcr=s800-c-k-c0x00ffffff-no-rj,Eimi Isami,22600,2024-03-05 22:02:07
17644,UC-tBLCGTheczDn5mYNoNWTQ,https://yt3.ggpht.com/cY2qqqyRPQ2eh0WxWldUh-yj15ymnmsinYZSpuV7FOpzMhNOsnpEK1PPU-xSzZ87d4rw3vcr=s800-c-k-c0x00ffffff-no-rj,Eimi Isami,22600,2024-03-06 22:01:43
17670,UC-tBLCGTheczDn5mYNoNWTQ,https://yt3.ggpht.com/cY2qqqyRPQ2eh0WxWldUh-yj15ymnmsinYZSpuV7FOpzMhNOsnpEK1PPU-xSzZ87d4rw3vcr=s800-c-k-c0x00ffffff-no-rj,Eimi Isami,22800,2024-03-07 22:01:30
17696,UC-tBLCGTheczDn5mYNoNWTQ,https://yt3.ggpht.com/cY2qqqyRPQ2eh0WxWldUh-yj15ymnmsinYZSpuV7FOpzMhNOsnpEK1PPU-xSzZ87d4rw3vcr=s800-c-k-c0x00ffffff-no-rj,Eimi Isami,22900,2024-03-08 22:01:58
17722,UC-tBLCGTheczDn5mYNoNWTQ,https://yt3.ggpht.com/cY2qqqyRPQ2eh0WxWldUh-yj15ymnmsinYZSpuV7FOpzMhNOsnpEK1PPU-xSzZ87d4rw3vcr=s800-c-k-c0x00ffffff-no-rj,Eimi Isami,22900,2024-03-09 22:01:27
17748,UC-tBLCGTheczDn5mYNoNWTQ,https://yt3.ggpht.com/cY2qqqyRPQ2eh0WxWldUh-yj15ymnmsinYZSpuV7FOpzMhNOsnpEK1PPU-xSzZ87d4rw3vcr=s800-c-k-c0x00ffffff-no-rj,Eimi Isami,23000,2024-03-10 23:01:40
17774,UC-tBLCGTheczDn5mYNoNWTQ,https://yt3.ggpht.com/cY2qqqyRPQ2eh0WxWldUh-yj15ymnmsinYZSpuV7FOpzMhNOsnpEK1PPU-xSzZ87d4rw3vcr=s800-c-k-c0x00ffffff-no-rj,Eimi Isami,23000,2024-03-11 23:02:18
17800,UC-tBLCGTheczDn5mYNoNWTQ,https://yt3.ggpht.com/cY2qqqyRPQ2eh0WxWldUh-yj15ymnmsinYZSpuV7FOpzMhNOsnpEK1PPU-xSzZ87d4rw3vcr=s800-c-k-c0x00ffffff-no-rj,Eimi Isami,23100,2024-03-12 23:01:56
17826,UC-tBLCGTheczDn5mYNoNWTQ,https://yt3.ggpht.com/cY2qqqyRPQ2eh0WxWldUh-yj15ymnmsinYZSpuV7FOpzMhNOsnpEK1PPU-xSzZ87d4rw3vcr=s800-c-k-c0x00ffffff-no-rj,Eimi Isami,23300,2024-03-13 23:01:50
17852,UC-tBLCGTheczDn5mYNoNWTQ,https://yt3.ggpht.com/cY2qqqyRPQ2eh0WxWldUh-yj15ymnmsinYZSpuV7FOpzMhNOsnpEK1PPU-xSzZ87d4rw3vcr=s800-c-k-c0x00ffffff-no-rj,Eimi Isami,23500,2024-03-14 23:01:48
17878,UC-tBLCGTheczDn5mYNoNWTQ,https://yt3.ggpht.com/cY2qqqyRPQ2eh0WxWldUh-yj15ymnmsinYZSpuV7FOpzMhNOsnpEK1PPU-xSzZ87d4rw3vcr=s800-c-k-c0x00ffffff-no-rj,Eimi Isami,23600,2024-03-15 23:01:28
17904,UC-tBLCGTheczDn5mYNoNWTQ,https://yt3.ggpht.com/cY2qqqyRPQ2eh0WxWldUh-yj15ymnmsinYZSpuV7FOpzMhNOsnpEK1PPU-xSzZ87d4rw3vcr=s800-c-k-c0x00ffffff-no-rj,Eimi Isami,23700,2024-03-16 23:01:54
17930,UC-tBLCGTheczDn5mYNoNWTQ,https://yt3.ggpht.com/cY2qqqyRPQ2eh0WxWldUh-yj15ymnmsinYZSpuV7FOpzMhNOsnpEK1PPU-xSzZ87d4rw3vcr=s800-c-k-c0x00ffffff-no-rj,Eimi Isami,23700,2024-03-17 23:02:49
17957,UC-tBLCGTheczDn5mYNoNWTQ,https://yt3.ggpht.com/cY2qqqyRPQ2eh0WxWldUh-yj15ymnmsinYZSpuV7FOpzMhNOsnpEK1PPU-xSzZ87d4rw3vcr=s800-c-k-c0x00ffffff-no-rj,Eimi Isami,23800,2024-03-19 03:01:34
17998,UC-tBLCGTheczDn5mYNoNWTQ,https://yt3.ggpht.com/cY2qqqyRPQ2eh0WxWldUh-yj15ymnmsinYZSpuV7FOpzMhNOsnpEK1PPU-xSzZ87d4rw3vcr=s800-c-k-c0x00ffffff-no-rj,Eimi Isami,23900,2024-03-20 00:01:20
20511,UC-tBLCGTheczDn5mYNoNWTQ,https://yt3.ggpht.com/0rXtcYLYdObEiRFBKWKwVapXu-tbDdxab5KQk8ikjg3LSml8HOrBK62dKiVwF4-pn9_ENGf3tKg=s800-c-k-c0x00ffffff-no-rj,Eimi Isami,30300,2024-06-17 01:01:40
20565,UC-tBLCGTheczDn5mYNoNWTQ,https://yt3.ggpht.com/0rXtcYLYdObEiRFBKWKwVapXu-tbDdxab5KQk8ikjg3LSml8HOrBK62dKiVwF4-pn9_ENGf3tKg=s800-c-k-c0x00ffffff-no-rj,Eimi Isami,30400,2024-06-19 01:01:32
18031,UC-tBLCGTheczDn5mYNoNWTQ,https://yt3.ggpht.com/cY2qqqyRPQ2eh0WxWldUh-yj15ymnmsinYZSpuV7FOpzMhNOsnpEK1PPU-xSzZ87d4rw3vcr=s800-c-k-c0x00ffffff-no-rj,Eimi Isami,23900,2024-03-20 00:06:47
18098,UC-tBLCGTheczDn5mYNoNWTQ,https://yt3.ggpht.com/cY2qqqyRPQ2eh0WxWldUh-yj15ymnmsinYZSpuV7FOpzMhNOsnpEK1PPU-xSzZ87d4rw3vcr=s800-c-k-c0x00ffffff-no-rj,Eimi Isami,23900,2024-03-20 00:44:06
20538,UC-tBLCGTheczDn5mYNoNWTQ,https://yt3.ggpht.com/0rXtcYLYdObEiRFBKWKwVapXu-tbDdxab5KQk8ikjg3LSml8HOrBK62dKiVwF4-pn9_ENGf3tKg=s800-c-k-c0x00ffffff-no-rj,Eimi Isami,30300,2024-06-18 01:01:49
18125,UC-tBLCGTheczDn5mYNoNWTQ,https://yt3.ggpht.com/cY2qqqyRPQ2eh0WxWldUh-yj15ymnmsinYZSpuV7FOpzMhNOsnpEK1PPU-xSzZ87d4rw3vcr=s800-c-k-c0x00ffffff-no-rj,Eimi Isami,24000,2024-03-21 01:01:05
18152,UC-tBLCGTheczDn5mYNoNWTQ,https://yt3.ggpht.com/cY2qqqyRPQ2eh0WxWldUh-yj15ymnmsinYZSpuV7FOpzMhNOsnpEK1PPU-xSzZ87d4rw3vcr=s800-c-k-c0x00ffffff-no-rj,Eimi Isami,24100,2024-03-22 01:01:13
18179,UC-tBLCGTheczDn5mYNoNWTQ,https://yt3.ggpht.com/cY2qqqyRPQ2eh0WxWldUh-yj15ymnmsinYZSpuV7FOpzMhNOsnpEK1PPU-xSzZ87d4rw3vcr=s800-c-k-c0x00ffffff-no-rj,Eimi Isami,24100,2024-03-23 01:01:16
18206,UC-tBLCGTheczDn5mYNoNWTQ,https://yt3.ggpht.com/cY2qqqyRPQ2eh0WxWldUh-yj15ymnmsinYZSpuV7FOpzMhNOsnpEK1PPU-xSzZ87d4rw3vcr=s800-c-k-c0x00ffffff-no-rj,Eimi Isami,24200,2024-03-24 01:01:04
18233,UC-tBLCGTheczDn5mYNoNWTQ,https://yt3.ggpht.com/cY2qqqyRPQ2eh0WxWldUh-yj15ymnmsinYZSpuV7FOpzMhNOsnpEK1PPU-xSzZ87d4rw3vcr=s800-c-k-c0x00ffffff-no-rj,Eimi Isami,24300,2024-03-25 01:01:13
18260,UC-tBLCGTheczDn5mYNoNWTQ,https://yt3.ggpht.com/cY2qqqyRPQ2eh0WxWldUh-yj15ymnmsinYZSpuV7FOpzMhNOsnpEK1PPU-xSzZ87d4rw3vcr=s800-c-k-c0x00ffffff-no-rj,Eimi Isami,24300,2024-03-26 01:01:13
18287,UC-tBLCGTheczDn5mYNoNWTQ,https://yt3.ggpht.com/cY2qqqyRPQ2eh0WxWldUh-yj15ymnmsinYZSpuV7FOpzMhNOsnpEK1PPU-xSzZ87d4rw3vcr=s800-c-k-c0x00ffffff-no-rj,Eimi Isami,25200,2024-03-27 01:01:35
18314,UC-tBLCGTheczDn5mYNoNWTQ,https://yt3.ggpht.com/cY2qqqyRPQ2eh0WxWldUh-yj15ymnmsinYZSpuV7FOpzMhNOsnpEK1PPU-xSzZ87d4rw3vcr=s800-c-k-c0x00ffffff-no-rj,Eimi Isami,25300,2024-03-28 01:02:09
18341,UC-tBLCGTheczDn5mYNoNWTQ,https://yt3.ggpht.com/cY2qqqyRPQ2eh0WxWldUh-yj15ymnmsinYZSpuV7FOpzMhNOsnpEK1PPU-xSzZ87d4rw3vcr=s800-c-k-c0x00ffffff-no-rj,Eimi Isami,25500,2024-03-29 01:01:27
18368,UC-tBLCGTheczDn5mYNoNWTQ,https://yt3.ggpht.com/cY2qqqyRPQ2eh0WxWldUh-yj15ymnmsinYZSpuV7FOpzMhNOsnpEK1PPU-xSzZ87d4rw3vcr=s800-c-k-c0x00ffffff-no-rj,Eimi Isami,25500,2024-03-30 01:01:13
18395,UC-tBLCGTheczDn5mYNoNWTQ,https://yt3.ggpht.com/cY2qqqyRPQ2eh0WxWldUh-yj15ymnmsinYZSpuV7FOpzMhNOsnpEK1PPU-xSzZ87d4rw3vcr=s800-c-k-c0x00ffffff-no-rj,Eimi Isami,25600,2024-03-31 01:01:49
18422,UC-tBLCGTheczDn5mYNoNWTQ,https://yt3.ggpht.com/cY2qqqyRPQ2eh0WxWldUh-yj15ymnmsinYZSpuV7FOpzMhNOsnpEK1PPU-xSzZ87d4rw3vcr=s800-c-k-c0x00ffffff-no-rj,Eimi Isami,25600,2024-04-01 01:03:32
18449,UC-tBLCGTheczDn5mYNoNWTQ,https://yt3.ggpht.com/cY2qqqyRPQ2eh0WxWldUh-yj15ymnmsinYZSpuV7FOpzMhNOsnpEK1PPU-xSzZ87d4rw3vcr=s800-c-k-c0x00ffffff-no-rj,Eimi Isami,25700,2024-04-02 01:01:34
18476,UC-tBLCGTheczDn5mYNoNWTQ,https://yt3.ggpht.com/cY2qqqyRPQ2eh0WxWldUh-yj15ymnmsinYZSpuV7FOpzMhNOsnpEK1PPU-xSzZ87d4rw3vcr=s800-c-k-c0x00ffffff-no-rj,Eimi Isami,25800,2024-04-03 01:01:44
18503,UC-tBLCGTheczDn5mYNoNWTQ,https://yt3.ggpht.com/cY2qqqyRPQ2eh0WxWldUh-yj15ymnmsinYZSpuV7FOpzMhNOsnpEK1PPU-xSzZ87d4rw3vcr=s800-c-k-c0x00ffffff-no-rj,Eimi Isami,25900,2024-04-04 01:01:17
18530,UC-tBLCGTheczDn5mYNoNWTQ,https://yt3.ggpht.com/cY2qqqyRPQ2eh0WxWldUh-yj15ymnmsinYZSpuV7FOpzMhNOsnpEK1PPU-xSzZ87d4rw3vcr=s800-c-k-c0x00ffffff-no-rj,Eimi Isami,25900,2024-04-05 01:01:29
18557,UC-tBLCGTheczDn5mYNoNWTQ,https://yt3.ggpht.com/cY2qqqyRPQ2eh0WxWldUh-yj15ymnmsinYZSpuV7FOpzMhNOsnpEK1PPU-xSzZ87d4rw3vcr=s800-c-k-c0x00ffffff-no-rj,Eimi Isami,26000,2024-04-06 01:01:28
18584,UC-tBLCGTheczDn5mYNoNWTQ,https://yt3.ggpht.com/cY2qqqyRPQ2eh0WxWldUh-yj15ymnmsinYZSpuV7FOpzMhNOsnpEK1PPU-xSzZ87d4rw3vcr=s800-c-k-c0x00ffffff-no-rj,Eimi Isami,26100,2024-04-07 01:02:39
18611,UC-tBLCGTheczDn5mYNoNWTQ,https://yt3.ggpht.com/cY2qqqyRPQ2eh0WxWldUh-yj15ymnmsinYZSpuV7FOpzMhNOsnpEK1PPU-xSzZ87d4rw3vcr=s800-c-k-c0x00ffffff-no-rj,Eimi Isami,26200,2024-04-08 01:01:25
18638,UC-tBLCGTheczDn5mYNoNWTQ,https://yt3.ggpht.com/cY2qqqyRPQ2eh0WxWldUh-yj15ymnmsinYZSpuV7FOpzMhNOsnpEK1PPU-xSzZ87d4rw3vcr=s800-c-k-c0x00ffffff-no-rj,Eimi Isami,26200,2024-04-09 01:01:16
18665,UC-tBLCGTheczDn5mYNoNWTQ,https://yt3.ggpht.com/cY2qqqyRPQ2eh0WxWldUh-yj15ymnmsinYZSpuV7FOpzMhNOsnpEK1PPU-xSzZ87d4rw3vcr=s800-c-k-c0x00ffffff-no-rj,Eimi Isami,26300,2024-04-10 01:01:45
18692,UC-tBLCGTheczDn5mYNoNWTQ,https://yt3.ggpht.com/cY2qqqyRPQ2eh0WxWldUh-yj15ymnmsinYZSpuV7FOpzMhNOsnpEK1PPU-xSzZ87d4rw3vcr=s800-c-k-c0x00ffffff-no-rj,Eimi Isami,26400,2024-04-11 01:01:48
18719,UC-tBLCGTheczDn5mYNoNWTQ,https://yt3.ggpht.com/cY2qqqyRPQ2eh0WxWldUh-yj15ymnmsinYZSpuV7FOpzMhNOsnpEK1PPU-xSzZ87d4rw3vcr=s800-c-k-c0x00ffffff-no-rj,Eimi Isami,26400,2024-04-12 01:02:03
18746,UC-tBLCGTheczDn5mYNoNWTQ,https://yt3.ggpht.com/cY2qqqyRPQ2eh0WxWldUh-yj15ymnmsinYZSpuV7FOpzMhNOsnpEK1PPU-xSzZ87d4rw3vcr=s800-c-k-c0x00ffffff-no-rj,Eimi Isami,26500,2024-04-13 01:01:46
18783,UC-tBLCGTheczDn5mYNoNWTQ,https://yt3.ggpht.com/cY2qqqyRPQ2eh0WxWldUh-yj15ymnmsinYZSpuV7FOpzMhNOsnpEK1PPU-xSzZ87d4rw3vcr=s800-c-k-c0x00ffffff-no-rj,Eimi Isami,26500,2024-04-14 01:02:28
18810,UC-tBLCGTheczDn5mYNoNWTQ,https://yt3.ggpht.com/cY2qqqyRPQ2eh0WxWldUh-yj15ymnmsinYZSpuV7FOpzMhNOsnpEK1PPU-xSzZ87d4rw3vcr=s800-c-k-c0x00ffffff-no-rj,Eimi Isami,26600,2024-04-15 01:01:35
18837,UC-tBLCGTheczDn5mYNoNWTQ,https://yt3.ggpht.com/cY2qqqyRPQ2eh0WxWldUh-yj15ymnmsinYZSpuV7FOpzMhNOsnpEK1PPU-xSzZ87d4rw3vcr=s800-c-k-c0x00ffffff-no-rj,Eimi Isami,26700,2024-04-16 01:01:23
18864,UC-tBLCGTheczDn5mYNoNWTQ,https://yt3.ggpht.com/cY2qqqyRPQ2eh0WxWldUh-yj15ymnmsinYZSpuV7FOpzMhNOsnpEK1PPU-xSzZ87d4rw3vcr=s800-c-k-c0x00ffffff-no-rj,Eimi Isami,26700,2024-04-17 01:01:23
18891,UC-tBLCGTheczDn5mYNoNWTQ,https://yt3.ggpht.com/cY2qqqyRPQ2eh0WxWldUh-yj15ymnmsinYZSpuV7FOpzMhNOsnpEK1PPU-xSzZ87d4rw3vcr=s800-c-k-c0x00ffffff-no-rj,Eimi Isami,26800,2024-04-18 01:01:34
18918,UC-tBLCGTheczDn5mYNoNWTQ,https://yt3.ggpht.com/cY2qqqyRPQ2eh0WxWldUh-yj15ymnmsinYZSpuV7FOpzMhNOsnpEK1PPU-xSzZ87d4rw3vcr=s800-c-k-c0x00ffffff-no-rj,Eimi Isami,26900,2024-04-19 01:02:02
18945,UC-tBLCGTheczDn5mYNoNWTQ,https://yt3.ggpht.com/cY2qqqyRPQ2eh0WxWldUh-yj15ymnmsinYZSpuV7FOpzMhNOsnpEK1PPU-xSzZ87d4rw3vcr=s800-c-k-c0x00ffffff-no-rj,Eimi Isami,27000,2024-04-20 01:01:42
18972,UC-tBLCGTheczDn5mYNoNWTQ,https://yt3.ggpht.com/cY2qqqyRPQ2eh0WxWldUh-yj15ymnmsinYZSpuV7FOpzMhNOsnpEK1PPU-xSzZ87d4rw3vcr=s800-c-k-c0x00ffffff-no-rj,Eimi Isami,27000,2024-04-21 01:01:31
18999,UC-tBLCGTheczDn5mYNoNWTQ,https://yt3.ggpht.com/cY2qqqyRPQ2eh0WxWldUh-yj15ymnmsinYZSpuV7FOpzMhNOsnpEK1PPU-xSzZ87d4rw3vcr=s800-c-k-c0x00ffffff-no-rj,Eimi Isami,27000,2024-04-22 01:01:22
19026,UC-tBLCGTheczDn5mYNoNWTQ,https://yt3.ggpht.com/cY2qqqyRPQ2eh0WxWldUh-yj15ymnmsinYZSpuV7FOpzMhNOsnpEK1PPU-xSzZ87d4rw3vcr=s800-c-k-c0x00ffffff-no-rj,Eimi Isami,27100,2024-04-23 01:01:25
19053,UC-tBLCGTheczDn5mYNoNWTQ,https://yt3.ggpht.com/cY2qqqyRPQ2eh0WxWldUh-yj15ymnmsinYZSpuV7FOpzMhNOsnpEK1PPU-xSzZ87d4rw3vcr=s800-c-k-c0x00ffffff-no-rj,Eimi Isami,27100,2024-04-24 01:01:39
19080,UC-tBLCGTheczDn5mYNoNWTQ,https://yt3.ggpht.com/cY2qqqyRPQ2eh0WxWldUh-yj15ymnmsinYZSpuV7FOpzMhNOsnpEK1PPU-xSzZ87d4rw3vcr=s800-c-k-c0x00ffffff-no-rj,Eimi Isami,27200,2024-04-25 01:01:30
19107,UC-tBLCGTheczDn5mYNoNWTQ,https://yt3.ggpht.com/cY2qqqyRPQ2eh0WxWldUh-yj15ymnmsinYZSpuV7FOpzMhNOsnpEK1PPU-xSzZ87d4rw3vcr=s800-c-k-c0x00ffffff-no-rj,Eimi Isami,27200,2024-04-26 01:01:42
19134,UC-tBLCGTheczDn5mYNoNWTQ,https://yt3.ggpht.com/cY2qqqyRPQ2eh0WxWldUh-yj15ymnmsinYZSpuV7FOpzMhNOsnpEK1PPU-xSzZ87d4rw3vcr=s800-c-k-c0x00ffffff-no-rj,Eimi Isami,27300,2024-04-27 01:01:20
19161,UC-tBLCGTheczDn5mYNoNWTQ,https://yt3.ggpht.com/cY2qqqyRPQ2eh0WxWldUh-yj15ymnmsinYZSpuV7FOpzMhNOsnpEK1PPU-xSzZ87d4rw3vcr=s800-c-k-c0x00ffffff-no-rj,Eimi Isami,27400,2024-04-28 01:01:22
19188,UC-tBLCGTheczDn5mYNoNWTQ,https://yt3.ggpht.com/cY2qqqyRPQ2eh0WxWldUh-yj15ymnmsinYZSpuV7FOpzMhNOsnpEK1PPU-xSzZ87d4rw3vcr=s800-c-k-c0x00ffffff-no-rj,Eimi Isami,27400,2024-04-29 01:01:39
19215,UC-tBLCGTheczDn5mYNoNWTQ,https://yt3.ggpht.com/cY2qqqyRPQ2eh0WxWldUh-yj15ymnmsinYZSpuV7FOpzMhNOsnpEK1PPU-xSzZ87d4rw3vcr=s800-c-k-c0x00ffffff-no-rj,Eimi Isami,27400,2024-04-30 01:01:32
19242,UC-tBLCGTheczDn5mYNoNWTQ,https://yt3.ggpht.com/cY2qqqyRPQ2eh0WxWldUh-yj15ymnmsinYZSpuV7FOpzMhNOsnpEK1PPU-xSzZ87d4rw3vcr=s800-c-k-c0x00ffffff-no-rj,Eimi Isami,27400,2024-05-01 01:01:24
19269,UC-tBLCGTheczDn5mYNoNWTQ,https://yt3.ggpht.com/cY2qqqyRPQ2eh0WxWldUh-yj15ymnmsinYZSpuV7FOpzMhNOsnpEK1PPU-xSzZ87d4rw3vcr=s800-c-k-c0x00ffffff-no-rj,Eimi Isami,27500,2024-05-02 01:01:33
19296,UC-tBLCGTheczDn5mYNoNWTQ,https://yt3.ggpht.com/cY2qqqyRPQ2eh0WxWldUh-yj15ymnmsinYZSpuV7FOpzMhNOsnpEK1PPU-xSzZ87d4rw3vcr=s800-c-k-c0x00ffffff-no-rj,Eimi Isami,27500,2024-05-03 01:01:37
19323,UC-tBLCGTheczDn5mYNoNWTQ,https://yt3.ggpht.com/cY2qqqyRPQ2eh0WxWldUh-yj15ymnmsinYZSpuV7FOpzMhNOsnpEK1PPU-xSzZ87d4rw3vcr=s800-c-k-c0x00ffffff-no-rj,Eimi Isami,27500,2024-05-04 01:01:16
19350,UC-tBLCGTheczDn5mYNoNWTQ,https://yt3.ggpht.com/cY2qqqyRPQ2eh0WxWldUh-yj15ymnmsinYZSpuV7FOpzMhNOsnpEK1PPU-xSzZ87d4rw3vcr=s800-c-k-c0x00ffffff-no-rj,Eimi Isami,27500,2024-05-05 01:01:18
19377,UC-tBLCGTheczDn5mYNoNWTQ,https://yt3.ggpht.com/0rXtcYLYdObEiRFBKWKwVapXu-tbDdxab5KQk8ikjg3LSml8HOrBK62dKiVwF4-pn9_ENGf3tKg=s800-c-k-c0x00ffffff-no-rj,Eimi Isami,27600,2024-05-06 01:01:14
19404,UC-tBLCGTheczDn5mYNoNWTQ,https://yt3.ggpht.com/0rXtcYLYdObEiRFBKWKwVapXu-tbDdxab5KQk8ikjg3LSml8HOrBK62dKiVwF4-pn9_ENGf3tKg=s800-c-k-c0x00ffffff-no-rj,Eimi Isami,27700,2024-05-07 01:01:41
19431,UC-tBLCGTheczDn5mYNoNWTQ,https://yt3.ggpht.com/0rXtcYLYdObEiRFBKWKwVapXu-tbDdxab5KQk8ikjg3LSml8HOrBK62dKiVwF4-pn9_ENGf3tKg=s800-c-k-c0x00ffffff-no-rj,Eimi Isami,27700,2024-05-08 01:01:39
19458,UC-tBLCGTheczDn5mYNoNWTQ,https://yt3.ggpht.com/0rXtcYLYdObEiRFBKWKwVapXu-tbDdxab5KQk8ikjg3LSml8HOrBK62dKiVwF4-pn9_ENGf3tKg=s800-c-k-c0x00ffffff-no-rj,Eimi Isami,27800,2024-05-09 01:01:37
19485,UC-tBLCGTheczDn5mYNoNWTQ,https://yt3.ggpht.com/0rXtcYLYdObEiRFBKWKwVapXu-tbDdxab5KQk8ikjg3LSml8HOrBK62dKiVwF4-pn9_ENGf3tKg=s800-c-k-c0x00ffffff-no-rj,Eimi Isami,27800,2024-05-10 01:01:34
19512,UC-tBLCGTheczDn5mYNoNWTQ,https://yt3.ggpht.com/0rXtcYLYdObEiRFBKWKwVapXu-tbDdxab5KQk8ikjg3LSml8HOrBK62dKiVwF4-pn9_ENGf3tKg=s800-c-k-c0x00ffffff-no-rj,Eimi Isami,27800,2024-05-11 01:01:29
19539,UC-tBLCGTheczDn5mYNoNWTQ,https://yt3.ggpht.com/0rXtcYLYdObEiRFBKWKwVapXu-tbDdxab5KQk8ikjg3LSml8HOrBK62dKiVwF4-pn9_ENGf3tKg=s800-c-k-c0x00ffffff-no-rj,Eimi Isami,27800,2024-05-12 01:01:42
19566,UC-tBLCGTheczDn5mYNoNWTQ,https://yt3.ggpht.com/0rXtcYLYdObEiRFBKWKwVapXu-tbDdxab5KQk8ikjg3LSml8HOrBK62dKiVwF4-pn9_ENGf3tKg=s800-c-k-c0x00ffffff-no-rj,Eimi Isami,27900,2024-05-13 01:01:48
19593,UC-tBLCGTheczDn5mYNoNWTQ,https://yt3.ggpht.com/0rXtcYLYdObEiRFBKWKwVapXu-tbDdxab5KQk8ikjg3LSml8HOrBK62dKiVwF4-pn9_ENGf3tKg=s800-c-k-c0x00ffffff-no-rj,Eimi Isami,27900,2024-05-14 01:01:45
19620,UC-tBLCGTheczDn5mYNoNWTQ,https://yt3.ggpht.com/0rXtcYLYdObEiRFBKWKwVapXu-tbDdxab5KQk8ikjg3LSml8HOrBK62dKiVwF4-pn9_ENGf3tKg=s800-c-k-c0x00ffffff-no-rj,Eimi Isami,27900,2024-05-15 01:01:28
19647,UC-tBLCGTheczDn5mYNoNWTQ,https://yt3.ggpht.com/0rXtcYLYdObEiRFBKWKwVapXu-tbDdxab5KQk8ikjg3LSml8HOrBK62dKiVwF4-pn9_ENGf3tKg=s800-c-k-c0x00ffffff-no-rj,Eimi Isami,27900,2024-05-16 01:01:39
19674,UC-tBLCGTheczDn5mYNoNWTQ,https://yt3.ggpht.com/0rXtcYLYdObEiRFBKWKwVapXu-tbDdxab5KQk8ikjg3LSml8HOrBK62dKiVwF4-pn9_ENGf3tKg=s800-c-k-c0x00ffffff-no-rj,Eimi Isami,28000,2024-05-17 01:01:49
19701,UC-tBLCGTheczDn5mYNoNWTQ,https://yt3.ggpht.com/0rXtcYLYdObEiRFBKWKwVapXu-tbDdxab5KQk8ikjg3LSml8HOrBK62dKiVwF4-pn9_ENGf3tKg=s800-c-k-c0x00ffffff-no-rj,Eimi Isami,28000,2024-05-18 01:01:34
19728,UC-tBLCGTheczDn5mYNoNWTQ,https://yt3.ggpht.com/0rXtcYLYdObEiRFBKWKwVapXu-tbDdxab5KQk8ikjg3LSml8HOrBK62dKiVwF4-pn9_ENGf3tKg=s800-c-k-c0x00ffffff-no-rj,Eimi Isami,28000,2024-05-19 01:01:46
19755,UC-tBLCGTheczDn5mYNoNWTQ,https://yt3.ggpht.com/0rXtcYLYdObEiRFBKWKwVapXu-tbDdxab5KQk8ikjg3LSml8HOrBK62dKiVwF4-pn9_ENGf3tKg=s800-c-k-c0x00ffffff-no-rj,Eimi Isami,28100,2024-05-20 01:01:43
19782,UC-tBLCGTheczDn5mYNoNWTQ,https://yt3.ggpht.com/0rXtcYLYdObEiRFBKWKwVapXu-tbDdxab5KQk8ikjg3LSml8HOrBK62dKiVwF4-pn9_ENGf3tKg=s800-c-k-c0x00ffffff-no-rj,Eimi Isami,28100,2024-05-21 01:01:39
19809,UC-tBLCGTheczDn5mYNoNWTQ,https://yt3.ggpht.com/0rXtcYLYdObEiRFBKWKwVapXu-tbDdxab5KQk8ikjg3LSml8HOrBK62dKiVwF4-pn9_ENGf3tKg=s800-c-k-c0x00ffffff-no-rj,Eimi Isami,28200,2024-05-22 01:01:30
19836,UC-tBLCGTheczDn5mYNoNWTQ,https://yt3.ggpht.com/0rXtcYLYdObEiRFBKWKwVapXu-tbDdxab5KQk8ikjg3LSml8HOrBK62dKiVwF4-pn9_ENGf3tKg=s800-c-k-c0x00ffffff-no-rj,Eimi Isami,28300,2024-05-23 01:01:34
19863,UC-tBLCGTheczDn5mYNoNWTQ,https://yt3.ggpht.com/0rXtcYLYdObEiRFBKWKwVapXu-tbDdxab5KQk8ikjg3LSml8HOrBK62dKiVwF4-pn9_ENGf3tKg=s800-c-k-c0x00ffffff-no-rj,Eimi Isami,28300,2024-05-24 01:01:21
19890,UC-tBLCGTheczDn5mYNoNWTQ,https://yt3.ggpht.com/0rXtcYLYdObEiRFBKWKwVapXu-tbDdxab5KQk8ikjg3LSml8HOrBK62dKiVwF4-pn9_ENGf3tKg=s800-c-k-c0x00ffffff-no-rj,Eimi Isami,28400,2024-05-25 01:01:40
19917,UC-tBLCGTheczDn5mYNoNWTQ,https://yt3.ggpht.com/0rXtcYLYdObEiRFBKWKwVapXu-tbDdxab5KQk8ikjg3LSml8HOrBK62dKiVwF4-pn9_ENGf3tKg=s800-c-k-c0x00ffffff-no-rj,Eimi Isami,28400,2024-05-26 01:01:41
19944,UC-tBLCGTheczDn5mYNoNWTQ,https://yt3.ggpht.com/0rXtcYLYdObEiRFBKWKwVapXu-tbDdxab5KQk8ikjg3LSml8HOrBK62dKiVwF4-pn9_ENGf3tKg=s800-c-k-c0x00ffffff-no-rj,Eimi Isami,28500,2024-05-27 01:01:39
19971,UC-tBLCGTheczDn5mYNoNWTQ,https://yt3.ggpht.com/0rXtcYLYdObEiRFBKWKwVapXu-tbDdxab5KQk8ikjg3LSml8HOrBK62dKiVwF4-pn9_ENGf3tKg=s800-c-k-c0x00ffffff-no-rj,Eimi Isami,29000,2024-05-28 01:01:23
19998,UC-tBLCGTheczDn5mYNoNWTQ,https://yt3.ggpht.com/0rXtcYLYdObEiRFBKWKwVapXu-tbDdxab5KQk8ikjg3LSml8HOrBK62dKiVwF4-pn9_ENGf3tKg=s800-c-k-c0x00ffffff-no-rj,Eimi Isami,29100,2024-05-29 01:01:25
20025,UC-tBLCGTheczDn5mYNoNWTQ,https://yt3.ggpht.com/0rXtcYLYdObEiRFBKWKwVapXu-tbDdxab5KQk8ikjg3LSml8HOrBK62dKiVwF4-pn9_ENGf3tKg=s800-c-k-c0x00ffffff-no-rj,Eimi Isami,29200,2024-05-30 01:01:34
20052,UC-tBLCGTheczDn5mYNoNWTQ,https://yt3.ggpht.com/0rXtcYLYdObEiRFBKWKwVapXu-tbDdxab5KQk8ikjg3LSml8HOrBK62dKiVwF4-pn9_ENGf3tKg=s800-c-k-c0x00ffffff-no-rj,Eimi Isami,29200,2024-05-31 01:01:30
20079,UC-tBLCGTheczDn5mYNoNWTQ,https://yt3.ggpht.com/0rXtcYLYdObEiRFBKWKwVapXu-tbDdxab5KQk8ikjg3LSml8HOrBK62dKiVwF4-pn9_ENGf3tKg=s800-c-k-c0x00ffffff-no-rj,Eimi Isami,29300,2024-06-01 01:01:22
20106,UC-tBLCGTheczDn5mYNoNWTQ,https://yt3.ggpht.com/0rXtcYLYdObEiRFBKWKwVapXu-tbDdxab5KQk8ikjg3LSml8HOrBK62dKiVwF4-pn9_ENGf3tKg=s800-c-k-c0x00ffffff-no-rj,Eimi Isami,29300,2024-06-02 01:01:47
20133,UC-tBLCGTheczDn5mYNoNWTQ,https://yt3.ggpht.com/0rXtcYLYdObEiRFBKWKwVapXu-tbDdxab5KQk8ikjg3LSml8HOrBK62dKiVwF4-pn9_ENGf3tKg=s800-c-k-c0x00ffffff-no-rj,Eimi Isami,29300,2024-06-03 01:01:34
20160,UC-tBLCGTheczDn5mYNoNWTQ,https://yt3.ggpht.com/0rXtcYLYdObEiRFBKWKwVapXu-tbDdxab5KQk8ikjg3LSml8HOrBK62dKiVwF4-pn9_ENGf3tKg=s800-c-k-c0x00ffffff-no-rj,Eimi Isami,29400,2024-06-04 01:01:55
20187,UC-tBLCGTheczDn5mYNoNWTQ,https://yt3.ggpht.com/0rXtcYLYdObEiRFBKWKwVapXu-tbDdxab5KQk8ikjg3LSml8HOrBK62dKiVwF4-pn9_ENGf3tKg=s800-c-k-c0x00ffffff-no-rj,Eimi Isami,29500,2024-06-05 01:01:45
20214,UC-tBLCGTheczDn5mYNoNWTQ,https://yt3.ggpht.com/0rXtcYLYdObEiRFBKWKwVapXu-tbDdxab5KQk8ikjg3LSml8HOrBK62dKiVwF4-pn9_ENGf3tKg=s800-c-k-c0x00ffffff-no-rj,Eimi Isami,29500,2024-06-06 01:01:35
20241,UC-tBLCGTheczDn5mYNoNWTQ,https://yt3.ggpht.com/0rXtcYLYdObEiRFBKWKwVapXu-tbDdxab5KQk8ikjg3LSml8HOrBK62dKiVwF4-pn9_ENGf3tKg=s800-c-k-c0x00ffffff-no-rj,Eimi Isami,29600,2024-06-07 01:01:49
20268,UC-tBLCGTheczDn5mYNoNWTQ,https://yt3.ggpht.com/0rXtcYLYdObEiRFBKWKwVapXu-tbDdxab5KQk8ikjg3LSml8HOrBK62dKiVwF4-pn9_ENGf3tKg=s800-c-k-c0x00ffffff-no-rj,Eimi Isami,29600,2024-06-08 01:01:46
20295,UC-tBLCGTheczDn5mYNoNWTQ,https://yt3.ggpht.com/0rXtcYLYdObEiRFBKWKwVapXu-tbDdxab5KQk8ikjg3LSml8HOrBK62dKiVwF4-pn9_ENGf3tKg=s800-c-k-c0x00ffffff-no-rj,Eimi Isami,29700,2024-06-09 01:01:30
20322,UC-tBLCGTheczDn5mYNoNWTQ,https://yt3.ggpht.com/0rXtcYLYdObEiRFBKWKwVapXu-tbDdxab5KQk8ikjg3LSml8HOrBK62dKiVwF4-pn9_ENGf3tKg=s800-c-k-c0x00ffffff-no-rj,Eimi Isami,29700,2024-06-10 01:01:41
20349,UC-tBLCGTheczDn5mYNoNWTQ,https://yt3.ggpht.com/0rXtcYLYdObEiRFBKWKwVapXu-tbDdxab5KQk8ikjg3LSml8HOrBK62dKiVwF4-pn9_ENGf3tKg=s800-c-k-c0x00ffffff-no-rj,Eimi Isami,29700,2024-06-11 01:01:19
20376,UC-tBLCGTheczDn5mYNoNWTQ,https://yt3.ggpht.com/0rXtcYLYdObEiRFBKWKwVapXu-tbDdxab5KQk8ikjg3LSml8HOrBK62dKiVwF4-pn9_ENGf3tKg=s800-c-k-c0x00ffffff-no-rj,Eimi Isami,29700,2024-06-12 01:01:41
20403,UC-tBLCGTheczDn5mYNoNWTQ,https://yt3.ggpht.com/0rXtcYLYdObEiRFBKWKwVapXu-tbDdxab5KQk8ikjg3LSml8HOrBK62dKiVwF4-pn9_ENGf3tKg=s800-c-k-c0x00ffffff-no-rj,Eimi Isami,29700,2024-06-13 01:01:47
20430,UC-tBLCGTheczDn5mYNoNWTQ,https://yt3.ggpht.com/0rXtcYLYdObEiRFBKWKwVapXu-tbDdxab5KQk8ikjg3LSml8HOrBK62dKiVwF4-pn9_ENGf3tKg=s800-c-k-c0x00ffffff-no-rj,Eimi Isami,29800,2024-06-14 01:01:28
20457,UC-tBLCGTheczDn5mYNoNWTQ,https://yt3.ggpht.com/0rXtcYLYdObEiRFBKWKwVapXu-tbDdxab5KQk8ikjg3LSml8HOrBK62dKiVwF4-pn9_ENGf3tKg=s800-c-k-c0x00ffffff-no-rj,Eimi Isami,29800,2024-06-15 01:01:36
20484,UC-tBLCGTheczDn5mYNoNWTQ,https://yt3.ggpht.com/0rXtcYLYdObEiRFBKWKwVapXu-tbDdxab5KQk8ikjg3LSml8HOrBK62dKiVwF4-pn9_ENGf3tKg=s800-c-k-c0x00ffffff-no-rj,Eimi Isami,30100,2024-06-16 01:01:32
20592,UC-tBLCGTheczDn5mYNoNWTQ,https://yt3.ggpht.com/0rXtcYLYdObEiRFBKWKwVapXu-tbDdxab5KQk8ikjg3LSml8HOrBK62dKiVwF4-pn9_ENGf3tKg=s800-c-k-c0x00ffffff-no-rj,Eimi Isami,30600,2024-06-20 01:01:35
20619,UC-tBLCGTheczDn5mYNoNWTQ,https://yt3.ggpht.com/0rXtcYLYdObEiRFBKWKwVapXu-tbDdxab5KQk8ikjg3LSml8HOrBK62dKiVwF4-pn9_ENGf3tKg=s800-c-k-c0x00ffffff-no-rj,Eimi Isami,30700,2024-06-21 01:01:49
20646,UC-tBLCGTheczDn5mYNoNWTQ,https://yt3.ggpht.com/0rXtcYLYdObEiRFBKWKwVapXu-tbDdxab5KQk8ikjg3LSml8HOrBK62dKiVwF4-pn9_ENGf3tKg=s800-c-k-c0x00ffffff-no-rj,Eimi Isami,30800,2024-06-22 01:01:32
20673,UC-tBLCGTheczDn5mYNoNWTQ,https://yt3.ggpht.com/0rXtcYLYdObEiRFBKWKwVapXu-tbDdxab5KQk8ikjg3LSml8HOrBK62dKiVwF4-pn9_ENGf3tKg=s800-c-k-c0x00ffffff-no-rj,Eimi Isami,30900,2024-06-23 01:01:45
20700,UC-tBLCGTheczDn5mYNoNWTQ,https://yt3.ggpht.com/0rXtcYLYdObEiRFBKWKwVapXu-tbDdxab5KQk8ikjg3LSml8HOrBK62dKiVwF4-pn9_ENGf3tKg=s800-c-k-c0x00ffffff-no-rj,Eimi Isami,30900,2024-06-24 01:01:22
20727,UC-tBLCGTheczDn5mYNoNWTQ,https://yt3.ggpht.com/0rXtcYLYdObEiRFBKWKwVapXu-tbDdxab5KQk8ikjg3LSml8HOrBK62dKiVwF4-pn9_ENGf3tKg=s800-c-k-c0x00ffffff-no-rj,Eimi Isami,30900,2024-06-25 01:01:49
20754,UC-tBLCGTheczDn5mYNoNWTQ,https://yt3.ggpht.com/0rXtcYLYdObEiRFBKWKwVapXu-tbDdxab5KQk8ikjg3LSml8HOrBK62dKiVwF4-pn9_ENGf3tKg=s800-c-k-c0x00ffffff-no-rj,Eimi Isami,31000,2024-06-26 01:01:31
20781,UC-tBLCGTheczDn5mYNoNWTQ,https://yt3.ggpht.com/0rXtcYLYdObEiRFBKWKwVapXu-tbDdxab5KQk8ikjg3LSml8HOrBK62dKiVwF4-pn9_ENGf3tKg=s800-c-k-c0x00ffffff-no-rj,Eimi Isami,31100,2024-06-27 01:01:59
20808,UC-tBLCGTheczDn5mYNoNWTQ,https://yt3.ggpht.com/0rXtcYLYdObEiRFBKWKwVapXu-tbDdxab5KQk8ikjg3LSml8HOrBK62dKiVwF4-pn9_ENGf3tKg=s800-c-k-c0x00ffffff-no-rj,Eimi Isami,31200,2024-06-28 01:01:23
20835,UC-tBLCGTheczDn5mYNoNWTQ,https://yt3.ggpht.com/0rXtcYLYdObEiRFBKWKwVapXu-tbDdxab5KQk8ikjg3LSml8HOrBK62dKiVwF4-pn9_ENGf3tKg=s800-c-k-c0x00ffffff-no-rj,Eimi Isami,31200,2024-06-29 01:01:48
20862,UC-tBLCGTheczDn5mYNoNWTQ,https://yt3.ggpht.com/0rXtcYLYdObEiRFBKWKwVapXu-tbDdxab5KQk8ikjg3LSml8HOrBK62dKiVwF4-pn9_ENGf3tKg=s800-c-k-c0x00ffffff-no-rj,Eimi Isami,31200,2024-06-30 01:01:35
20889,UC-tBLCGTheczDn5mYNoNWTQ,https://yt3.ggpht.com/0rXtcYLYdObEiRFBKWKwVapXu-tbDdxab5KQk8ikjg3LSml8HOrBK62dKiVwF4-pn9_ENGf3tKg=s800-c-k-c0x00ffffff-no-rj,Eimi Isami,31300,2024-07-01 01:01:53
20916,UC-tBLCGTheczDn5mYNoNWTQ,https://yt3.ggpht.com/0rXtcYLYdObEiRFBKWKwVapXu-tbDdxab5KQk8ikjg3LSml8HOrBK62dKiVwF4-pn9_ENGf3tKg=s800-c-k-c0x00ffffff-no-rj,Eimi Isami,31300,2024-07-02 01:01:32
20943,UC-tBLCGTheczDn5mYNoNWTQ,https://yt3.ggpht.com/0rXtcYLYdObEiRFBKWKwVapXu-tbDdxab5KQk8ikjg3LSml8HOrBK62dKiVwF4-pn9_ENGf3tKg=s800-c-k-c0x00ffffff-no-rj,Eimi Isami,31400,2024-07-03 01:01:29
20970,UC-tBLCGTheczDn5mYNoNWTQ,https://yt3.ggpht.com/0rXtcYLYdObEiRFBKWKwVapXu-tbDdxab5KQk8ikjg3LSml8HOrBK62dKiVwF4-pn9_ENGf3tKg=s800-c-k-c0x00ffffff-no-rj,Eimi Isami,31500,2024-07-04 01:01:15
20997,UC-tBLCGTheczDn5mYNoNWTQ,https://yt3.ggpht.com/0rXtcYLYdObEiRFBKWKwVapXu-tbDdxab5KQk8ikjg3LSml8HOrBK62dKiVwF4-pn9_ENGf3tKg=s800-c-k-c0x00ffffff-no-rj,Eimi Isami,31600,2024-07-05 01:01:28
21024,UC-tBLCGTheczDn5mYNoNWTQ,https://yt3.ggpht.com/0rXtcYLYdObEiRFBKWKwVapXu-tbDdxab5KQk8ikjg3LSml8HOrBK62dKiVwF4-pn9_ENGf3tKg=s800-c-k-c0x00ffffff-no-rj,Eimi Isami,31600,2024-07-06 01:01:23
21051,UC-tBLCGTheczDn5mYNoNWTQ,https://yt3.ggpht.com/0rXtcYLYdObEiRFBKWKwVapXu-tbDdxab5KQk8ikjg3LSml8HOrBK62dKiVwF4-pn9_ENGf3tKg=s800-c-k-c0x00ffffff-no-rj,Eimi Isami,31600,2024-07-07 01:01:43
21078,UC-tBLCGTheczDn5mYNoNWTQ,https://yt3.ggpht.com/0rXtcYLYdObEiRFBKWKwVapXu-tbDdxab5KQk8ikjg3LSml8HOrBK62dKiVwF4-pn9_ENGf3tKg=s800-c-k-c0x00ffffff-no-rj,Eimi Isami,31600,2024-07-08 01:01:33
21105,UC-tBLCGTheczDn5mYNoNWTQ,https://yt3.ggpht.com/0rXtcYLYdObEiRFBKWKwVapXu-tbDdxab5KQk8ikjg3LSml8HOrBK62dKiVwF4-pn9_ENGf3tKg=s800-c-k-c0x00ffffff-no-rj,Eimi Isami,31700,2024-07-09 01:01:52
21132,UC-tBLCGTheczDn5mYNoNWTQ,https://yt3.ggpht.com/0rXtcYLYdObEiRFBKWKwVapXu-tbDdxab5KQk8ikjg3LSml8HOrBK62dKiVwF4-pn9_ENGf3tKg=s800-c-k-c0x00ffffff-no-rj,Eimi Isami,31700,2024-07-10 01:01:17
21159,UC-tBLCGTheczDn5mYNoNWTQ,https://yt3.ggpht.com/0rXtcYLYdObEiRFBKWKwVapXu-tbDdxab5KQk8ikjg3LSml8HOrBK62dKiVwF4-pn9_ENGf3tKg=s800-c-k-c0x00ffffff-no-rj,Eimi Isami,31800,2024-07-11 01:01:16
21186,UC-tBLCGTheczDn5mYNoNWTQ,https://yt3.ggpht.com/0rXtcYLYdObEiRFBKWKwVapXu-tbDdxab5KQk8ikjg3LSml8HOrBK62dKiVwF4-pn9_ENGf3tKg=s800-c-k-c0x00ffffff-no-rj,Eimi Isami,31900,2024-07-12 01:01:40
21213,UC-tBLCGTheczDn5mYNoNWTQ,https://yt3.ggpht.com/0rXtcYLYdObEiRFBKWKwVapXu-tbDdxab5KQk8ikjg3LSml8HOrBK62dKiVwF4-pn9_ENGf3tKg=s800-c-k-c0x00ffffff-no-rj,Eimi Isami,31900,2024-07-13 01:01:33
21240,UC-tBLCGTheczDn5mYNoNWTQ,https://yt3.ggpht.com/0rXtcYLYdObEiRFBKWKwVapXu-tbDdxab5KQk8ikjg3LSml8HOrBK62dKiVwF4-pn9_ENGf3tKg=s800-c-k-c0x00ffffff-no-rj,Eimi Isami,31900,2024-07-14 01:01:26
21267,UC-tBLCGTheczDn5mYNoNWTQ,https://yt3.ggpht.com/0rXtcYLYdObEiRFBKWKwVapXu-tbDdxab5KQk8ikjg3LSml8HOrBK62dKiVwF4-pn9_ENGf3tKg=s800-c-k-c0x00ffffff-no-rj,Eimi Isami,32000,2024-07-15 01:01:48
21294,UC-tBLCGTheczDn5mYNoNWTQ,https://yt3.ggpht.com/0rXtcYLYdObEiRFBKWKwVapXu-tbDdxab5KQk8ikjg3LSml8HOrBK62dKiVwF4-pn9_ENGf3tKg=s800-c-k-c0x00ffffff-no-rj,Eimi Isami,32000,2024-07-16 01:01:26
21321,UC-tBLCGTheczDn5mYNoNWTQ,https://yt3.ggpht.com/0rXtcYLYdObEiRFBKWKwVapXu-tbDdxab5KQk8ikjg3LSml8HOrBK62dKiVwF4-pn9_ENGf3tKg=s800-c-k-c0x00ffffff-no-rj,Eimi Isami,32000,2024-07-17 01:01:46
21348,UC-tBLCGTheczDn5mYNoNWTQ,https://yt3.ggpht.com/0rXtcYLYdObEiRFBKWKwVapXu-tbDdxab5KQk8ikjg3LSml8HOrBK62dKiVwF4-pn9_ENGf3tKg=s800-c-k-c0x00ffffff-no-rj,Eimi Isami,32000,2024-07-18 01:01:46
21375,UC-tBLCGTheczDn5mYNoNWTQ,https://yt3.ggpht.com/0rXtcYLYdObEiRFBKWKwVapXu-tbDdxab5KQk8ikjg3LSml8HOrBK62dKiVwF4-pn9_ENGf3tKg=s800-c-k-c0x00ffffff-no-rj,Eimi Isami,32100,2024-07-19 01:01:46
21402,UC-tBLCGTheczDn5mYNoNWTQ,https://yt3.ggpht.com/0rXtcYLYdObEiRFBKWKwVapXu-tbDdxab5KQk8ikjg3LSml8HOrBK62dKiVwF4-pn9_ENGf3tKg=s800-c-k-c0x00ffffff-no-rj,Eimi Isami,32100,2024-07-20 01:01:51
21429,UC-tBLCGTheczDn5mYNoNWTQ,https://yt3.ggpht.com/0rXtcYLYdObEiRFBKWKwVapXu-tbDdxab5KQk8ikjg3LSml8HOrBK62dKiVwF4-pn9_ENGf3tKg=s800-c-k-c0x00ffffff-no-rj,Eimi Isami,32100,2024-07-21 01:01:26
21456,UC-tBLCGTheczDn5mYNoNWTQ,https://yt3.ggpht.com/0rXtcYLYdObEiRFBKWKwVapXu-tbDdxab5KQk8ikjg3LSml8HOrBK62dKiVwF4-pn9_ENGf3tKg=s800-c-k-c0x00ffffff-no-rj,Eimi Isami,32100,2024-07-22 01:01:16
21483,UC-tBLCGTheczDn5mYNoNWTQ,https://yt3.ggpht.com/0rXtcYLYdObEiRFBKWKwVapXu-tbDdxab5KQk8ikjg3LSml8HOrBK62dKiVwF4-pn9_ENGf3tKg=s800-c-k-c0x00ffffff-no-rj,Eimi Isami,32200,2024-07-23 01:01:27
21510,UC-tBLCGTheczDn5mYNoNWTQ,https://yt3.ggpht.com/0rXtcYLYdObEiRFBKWKwVapXu-tbDdxab5KQk8ikjg3LSml8HOrBK62dKiVwF4-pn9_ENGf3tKg=s800-c-k-c0x00ffffff-no-rj,Eimi Isami,32200,2024-07-24 01:01:32
21537,UC-tBLCGTheczDn5mYNoNWTQ,https://yt3.ggpht.com/0rXtcYLYdObEiRFBKWKwVapXu-tbDdxab5KQk8ikjg3LSml8HOrBK62dKiVwF4-pn9_ENGf3tKg=s800-c-k-c0x00ffffff-no-rj,Eimi Isami,32300,2024-07-25 01:01:40
21564,UC-tBLCGTheczDn5mYNoNWTQ,https://yt3.ggpht.com/0rXtcYLYdObEiRFBKWKwVapXu-tbDdxab5KQk8ikjg3LSml8HOrBK62dKiVwF4-pn9_ENGf3tKg=s800-c-k-c0x00ffffff-no-rj,Eimi Isami,32300,2024-07-26 01:01:28
21591,UC-tBLCGTheczDn5mYNoNWTQ,https://yt3.ggpht.com/0rXtcYLYdObEiRFBKWKwVapXu-tbDdxab5KQk8ikjg3LSml8HOrBK62dKiVwF4-pn9_ENGf3tKg=s800-c-k-c0x00ffffff-no-rj,Eimi Isami,32300,2024-07-27 01:01:30
21618,UC-tBLCGTheczDn5mYNoNWTQ,https://yt3.ggpht.com/0rXtcYLYdObEiRFBKWKwVapXu-tbDdxab5KQk8ikjg3LSml8HOrBK62dKiVwF4-pn9_ENGf3tKg=s800-c-k-c0x00ffffff-no-rj,Eimi Isami,32300,2024-07-28 01:01:44
21645,UC-tBLCGTheczDn5mYNoNWTQ,https://yt3.ggpht.com/0rXtcYLYdObEiRFBKWKwVapXu-tbDdxab5KQk8ikjg3LSml8HOrBK62dKiVwF4-pn9_ENGf3tKg=s800-c-k-c0x00ffffff-no-rj,Eimi Isami,32400,2024-07-29 01:01:46
21672,UC-tBLCGTheczDn5mYNoNWTQ,https://yt3.ggpht.com/0rXtcYLYdObEiRFBKWKwVapXu-tbDdxab5KQk8ikjg3LSml8HOrBK62dKiVwF4-pn9_ENGf3tKg=s800-c-k-c0x00ffffff-no-rj,Eimi Isami,32400,2024-07-30 01:01:20
21699,UC-tBLCGTheczDn5mYNoNWTQ,https://yt3.ggpht.com/0rXtcYLYdObEiRFBKWKwVapXu-tbDdxab5KQk8ikjg3LSml8HOrBK62dKiVwF4-pn9_ENGf3tKg=s800-c-k-c0x00ffffff-no-rj,Eimi Isami,32400,2024-07-31 01:01:24
21726,UC-tBLCGTheczDn5mYNoNWTQ,https://yt3.ggpht.com/0rXtcYLYdObEiRFBKWKwVapXu-tbDdxab5KQk8ikjg3LSml8HOrBK62dKiVwF4-pn9_ENGf3tKg=s800-c-k-c0x00ffffff-no-rj,Eimi Isami,32400,2024-08-01 01:01:21
21753,UC-tBLCGTheczDn5mYNoNWTQ,https://yt3.ggpht.com/0rXtcYLYdObEiRFBKWKwVapXu-tbDdxab5KQk8ikjg3LSml8HOrBK62dKiVwF4-pn9_ENGf3tKg=s800-c-k-c0x00ffffff-no-rj,Eimi Isami,32500,2024-08-02 01:01:27
21780,UC-tBLCGTheczDn5mYNoNWTQ,https://yt3.ggpht.com/0rXtcYLYdObEiRFBKWKwVapXu-tbDdxab5KQk8ikjg3LSml8HOrBK62dKiVwF4-pn9_ENGf3tKg=s800-c-k-c0x00ffffff-no-rj,Eimi Isami,32500,2024-08-03 01:01:40
21807,UC-tBLCGTheczDn5mYNoNWTQ,https://yt3.ggpht.com/0rXtcYLYdObEiRFBKWKwVapXu-tbDdxab5KQk8ikjg3LSml8HOrBK62dKiVwF4-pn9_ENGf3tKg=s800-c-k-c0x00ffffff-no-rj,Eimi Isami,32600,2024-08-04 01:01:25
21834,UC-tBLCGTheczDn5mYNoNWTQ,https://yt3.ggpht.com/0rXtcYLYdObEiRFBKWKwVapXu-tbDdxab5KQk8ikjg3LSml8HOrBK62dKiVwF4-pn9_ENGf3tKg=s800-c-k-c0x00ffffff-no-rj,Eimi Isami,32600,2024-08-05 01:01:49
21861,UC-tBLCGTheczDn5mYNoNWTQ,https://yt3.ggpht.com/0rXtcYLYdObEiRFBKWKwVapXu-tbDdxab5KQk8ikjg3LSml8HOrBK62dKiVwF4-pn9_ENGf3tKg=s800-c-k-c0x00ffffff-no-rj,Eimi Isami,32600,2024-08-06 01:01:56
21888,UC-tBLCGTheczDn5mYNoNWTQ,https://yt3.ggpht.com/0rXtcYLYdObEiRFBKWKwVapXu-tbDdxab5KQk8ikjg3LSml8HOrBK62dKiVwF4-pn9_ENGf3tKg=s800-c-k-c0x00ffffff-no-rj,Eimi Isami,32700,2024-08-07 01:01:39
21915,UC-tBLCGTheczDn5mYNoNWTQ,https://yt3.ggpht.com/0rXtcYLYdObEiRFBKWKwVapXu-tbDdxab5KQk8ikjg3LSml8HOrBK62dKiVwF4-pn9_ENGf3tKg=s800-c-k-c0x00ffffff-no-rj,Eimi Isami,32700,2024-08-08 01:01:31
21942,UC-tBLCGTheczDn5mYNoNWTQ,https://yt3.ggpht.com/0rXtcYLYdObEiRFBKWKwVapXu-tbDdxab5KQk8ikjg3LSml8HOrBK62dKiVwF4-pn9_ENGf3tKg=s800-c-k-c0x00ffffff-no-rj,Eimi Isami,32700,2024-08-09 01:01:44
21969,UC-tBLCGTheczDn5mYNoNWTQ,https://yt3.ggpht.com/0rXtcYLYdObEiRFBKWKwVapXu-tbDdxab5KQk8ikjg3LSml8HOrBK62dKiVwF4-pn9_ENGf3tKg=s800-c-k-c0x00ffffff-no-rj,Eimi Isami,32700,2024-08-10 01:01:21
21996,UC-tBLCGTheczDn5mYNoNWTQ,https://yt3.ggpht.com/0rXtcYLYdObEiRFBKWKwVapXu-tbDdxab5KQk8ikjg3LSml8HOrBK62dKiVwF4-pn9_ENGf3tKg=s800-c-k-c0x00ffffff-no-rj,Eimi Isami,32700,2024-08-11 01:01:18
22023,UC-tBLCGTheczDn5mYNoNWTQ,https://yt3.ggpht.com/0rXtcYLYdObEiRFBKWKwVapXu-tbDdxab5KQk8ikjg3LSml8HOrBK62dKiVwF4-pn9_ENGf3tKg=s800-c-k-c0x00ffffff-no-rj,Eimi Isami,32800,2024-08-12 01:00:50
22050,UC-tBLCGTheczDn5mYNoNWTQ,https://yt3.ggpht.com/0rXtcYLYdObEiRFBKWKwVapXu-tbDdxab5KQk8ikjg3LSml8HOrBK62dKiVwF4-pn9_ENGf3tKg=s800-c-k-c0x00ffffff-no-rj,Eimi Isami,32800,2024-08-13 01:01:05
22077,UC-tBLCGTheczDn5mYNoNWTQ,https://yt3.ggpht.com/0rXtcYLYdObEiRFBKWKwVapXu-tbDdxab5KQk8ikjg3LSml8HOrBK62dKiVwF4-pn9_ENGf3tKg=s800-c-k-c0x00ffffff-no-rj,Eimi Isami,32800,2024-08-14 01:00:57
22104,UC-tBLCGTheczDn5mYNoNWTQ,https://yt3.ggpht.com/0rXtcYLYdObEiRFBKWKwVapXu-tbDdxab5KQk8ikjg3LSml8HOrBK62dKiVwF4-pn9_ENGf3tKg=s800-c-k-c0x00ffffff-no-rj,Eimi Isami,32800,2024-08-15 01:01:17
22131,UC-tBLCGTheczDn5mYNoNWTQ,https://yt3.ggpht.com/0rXtcYLYdObEiRFBKWKwVapXu-tbDdxab5KQk8ikjg3LSml8HOrBK62dKiVwF4-pn9_ENGf3tKg=s800-c-k-c0x00ffffff-no-rj,Eimi Isami,32900,2024-08-16 01:01:12
22158,UC-tBLCGTheczDn5mYNoNWTQ,https://yt3.ggpht.com/0rXtcYLYdObEiRFBKWKwVapXu-tbDdxab5KQk8ikjg3LSml8HOrBK62dKiVwF4-pn9_ENGf3tKg=s800-c-k-c0x00ffffff-no-rj,Eimi Isami,32900,2024-08-17 01:01:12
22185,UC-tBLCGTheczDn5mYNoNWTQ,https://yt3.ggpht.com/0rXtcYLYdObEiRFBKWKwVapXu-tbDdxab5KQk8ikjg3LSml8HOrBK62dKiVwF4-pn9_ENGf3tKg=s800-c-k-c0x00ffffff-no-rj,Eimi Isami,32900,2024-08-18 01:01:11
22212,UC-tBLCGTheczDn5mYNoNWTQ,https://yt3.ggpht.com/0rXtcYLYdObEiRFBKWKwVapXu-tbDdxab5KQk8ikjg3LSml8HOrBK62dKiVwF4-pn9_ENGf3tKg=s800-c-k-c0x00ffffff-no-rj,Eimi Isami,32900,2024-08-19 01:00:55
22239,UC-tBLCGTheczDn5mYNoNWTQ,https://yt3.ggpht.com/0rXtcYLYdObEiRFBKWKwVapXu-tbDdxab5KQk8ikjg3LSml8HOrBK62dKiVwF4-pn9_ENGf3tKg=s800-c-k-c0x00ffffff-no-rj,Eimi Isami,33000,2024-08-20 01:00:49
22266,UC-tBLCGTheczDn5mYNoNWTQ,https://yt3.ggpht.com/0rXtcYLYdObEiRFBKWKwVapXu-tbDdxab5KQk8ikjg3LSml8HOrBK62dKiVwF4-pn9_ENGf3tKg=s800-c-k-c0x00ffffff-no-rj,Eimi Isami,33000,2024-08-21 01:00:50
22293,UC-tBLCGTheczDn5mYNoNWTQ,https://yt3.ggpht.com/0rXtcYLYdObEiRFBKWKwVapXu-tbDdxab5KQk8ikjg3LSml8HOrBK62dKiVwF4-pn9_ENGf3tKg=s800-c-k-c0x00ffffff-no-rj,Eimi Isami,33000,2024-08-22 01:01:15
22320,UC-tBLCGTheczDn5mYNoNWTQ,https://yt3.ggpht.com/0rXtcYLYdObEiRFBKWKwVapXu-tbDdxab5KQk8ikjg3LSml8HOrBK62dKiVwF4-pn9_ENGf3tKg=s800-c-k-c0x00ffffff-no-rj,Eimi Isami,33000,2024-08-23 01:00:44
22347,UC-tBLCGTheczDn5mYNoNWTQ,https://yt3.ggpht.com/0rXtcYLYdObEiRFBKWKwVapXu-tbDdxab5KQk8ikjg3LSml8HOrBK62dKiVwF4-pn9_ENGf3tKg=s800-c-k-c0x00ffffff-no-rj,Eimi Isami,33000,2024-08-24 01:01:07
22374,UC-tBLCGTheczDn5mYNoNWTQ,https://yt3.ggpht.com/0rXtcYLYdObEiRFBKWKwVapXu-tbDdxab5KQk8ikjg3LSml8HOrBK62dKiVwF4-pn9_ENGf3tKg=s800-c-k-c0x00ffffff-no-rj,Eimi Isami,33100,2024-08-25 01:00:51
22401,UC-tBLCGTheczDn5mYNoNWTQ,https://yt3.ggpht.com/0rXtcYLYdObEiRFBKWKwVapXu-tbDdxab5KQk8ikjg3LSml8HOrBK62dKiVwF4-pn9_ENGf3tKg=s800-c-k-c0x00ffffff-no-rj,Eimi Isami,33100,2024-08-26 01:00:49
22428,UC-tBLCGTheczDn5mYNoNWTQ,https://yt3.ggpht.com/0rXtcYLYdObEiRFBKWKwVapXu-tbDdxab5KQk8ikjg3LSml8HOrBK62dKiVwF4-pn9_ENGf3tKg=s800-c-k-c0x00ffffff-no-rj,Eimi Isami,33100,2024-08-27 01:01:09
22455,UC-tBLCGTheczDn5mYNoNWTQ,https://yt3.ggpht.com/0rXtcYLYdObEiRFBKWKwVapXu-tbDdxab5KQk8ikjg3LSml8HOrBK62dKiVwF4-pn9_ENGf3tKg=s800-c-k-c0x00ffffff-no-rj,Eimi Isami,33100,2024-08-28 01:00:51
22482,UC-tBLCGTheczDn5mYNoNWTQ,https://yt3.ggpht.com/0rXtcYLYdObEiRFBKWKwVapXu-tbDdxab5KQk8ikjg3LSml8HOrBK62dKiVwF4-pn9_ENGf3tKg=s800-c-k-c0x00ffffff-no-rj,Eimi Isami,33100,2024-08-29 01:01:01
22509,UC-tBLCGTheczDn5mYNoNWTQ,https://yt3.ggpht.com/0rXtcYLYdObEiRFBKWKwVapXu-tbDdxab5KQk8ikjg3LSml8HOrBK62dKiVwF4-pn9_ENGf3tKg=s800-c-k-c0x00ffffff-no-rj,Eimi Isami,33200,2024-08-30 01:01:05
22536,UC-tBLCGTheczDn5mYNoNWTQ,https://yt3.ggpht.com/0rXtcYLYdObEiRFBKWKwVapXu-tbDdxab5KQk8ikjg3LSml8HOrBK62dKiVwF4-pn9_ENGf3tKg=s800-c-k-c0x00ffffff-no-rj,Eimi Isami,33200,2024-08-31 01:00:46
22563,UC-tBLCGTheczDn5mYNoNWTQ,https://yt3.ggpht.com/0rXtcYLYdObEiRFBKWKwVapXu-tbDdxab5KQk8ikjg3LSml8HOrBK62dKiVwF4-pn9_ENGf3tKg=s800-c-k-c0x00ffffff-no-rj,Eimi Isami,33200,2024-09-01 01:01:04
22590,UC-tBLCGTheczDn5mYNoNWTQ,https://yt3.ggpht.com/0rXtcYLYdObEiRFBKWKwVapXu-tbDdxab5KQk8ikjg3LSml8HOrBK62dKiVwF4-pn9_ENGf3tKg=s800-c-k-c0x00ffffff-no-rj,Eimi Isami,33200,2024-09-02 01:01:01
22617,UC-tBLCGTheczDn5mYNoNWTQ,https://yt3.ggpht.com/0rXtcYLYdObEiRFBKWKwVapXu-tbDdxab5KQk8ikjg3LSml8HOrBK62dKiVwF4-pn9_ENGf3tKg=s800-c-k-c0x00ffffff-no-rj,Eimi Isami,33300,2024-09-03 01:00:40
22644,UC-tBLCGTheczDn5mYNoNWTQ,https://yt3.ggpht.com/0rXtcYLYdObEiRFBKWKwVapXu-tbDdxab5KQk8ikjg3LSml8HOrBK62dKiVwF4-pn9_ENGf3tKg=s800-c-k-c0x00ffffff-no-rj,Eimi Isami,33300,2024-09-04 01:01:03
22671,UC-tBLCGTheczDn5mYNoNWTQ,https://yt3.ggpht.com/0rXtcYLYdObEiRFBKWKwVapXu-tbDdxab5KQk8ikjg3LSml8HOrBK62dKiVwF4-pn9_ENGf3tKg=s800-c-k-c0x00ffffff-no-rj,Eimi Isami,33300,2024-09-05 01:00:59
22698,UC-tBLCGTheczDn5mYNoNWTQ,https://yt3.ggpht.com/0rXtcYLYdObEiRFBKWKwVapXu-tbDdxab5KQk8ikjg3LSml8HOrBK62dKiVwF4-pn9_ENGf3tKg=s800-c-k-c0x00ffffff-no-rj,Eimi Isami,33300,2024-09-06 01:00:54
22725,UC-tBLCGTheczDn5mYNoNWTQ,https://yt3.ggpht.com/0rXtcYLYdObEiRFBKWKwVapXu-tbDdxab5KQk8ikjg3LSml8HOrBK62dKiVwF4-pn9_ENGf3tKg=s800-c-k-c0x00ffffff-no-rj,Eimi Isami,33400,2024-09-07 01:00:58
22752,UC-tBLCGTheczDn5mYNoNWTQ,https://yt3.ggpht.com/0rXtcYLYdObEiRFBKWKwVapXu-tbDdxab5KQk8ikjg3LSml8HOrBK62dKiVwF4-pn9_ENGf3tKg=s800-c-k-c0x00ffffff-no-rj,Eimi Isami,33400,2024-09-08 01:00:47
22779,UC-tBLCGTheczDn5mYNoNWTQ,https://yt3.ggpht.com/0rXtcYLYdObEiRFBKWKwVapXu-tbDdxab5KQk8ikjg3LSml8HOrBK62dKiVwF4-pn9_ENGf3tKg=s800-c-k-c0x00ffffff-no-rj,Eimi Isami,33400,2024-09-09 01:00:56
22806,UC-tBLCGTheczDn5mYNoNWTQ,https://yt3.ggpht.com/0rXtcYLYdObEiRFBKWKwVapXu-tbDdxab5KQk8ikjg3LSml8HOrBK62dKiVwF4-pn9_ENGf3tKg=s800-c-k-c0x00ffffff-no-rj,Eimi Isami,33400,2024-09-10 01:01:07
22833,UC-tBLCGTheczDn5mYNoNWTQ,https://yt3.ggpht.com/0rXtcYLYdObEiRFBKWKwVapXu-tbDdxab5KQk8ikjg3LSml8HOrBK62dKiVwF4-pn9_ENGf3tKg=s800-c-k-c0x00ffffff-no-rj,Eimi Isami,33400,2024-09-11 01:01:14
22860,UC-tBLCGTheczDn5mYNoNWTQ,https://yt3.ggpht.com/0rXtcYLYdObEiRFBKWKwVapXu-tbDdxab5KQk8ikjg3LSml8HOrBK62dKiVwF4-pn9_ENGf3tKg=s800-c-k-c0x00ffffff-no-rj,Eimi Isami,33500,2024-09-12 01:00:42
22887,UC-tBLCGTheczDn5mYNoNWTQ,https://yt3.ggpht.com/0rXtcYLYdObEiRFBKWKwVapXu-tbDdxab5KQk8ikjg3LSml8HOrBK62dKiVwF4-pn9_ENGf3tKg=s800-c-k-c0x00ffffff-no-rj,Eimi Isami,33500,2024-09-13 01:01:11
22914,UC-tBLCGTheczDn5mYNoNWTQ,https://yt3.ggpht.com/0rXtcYLYdObEiRFBKWKwVapXu-tbDdxab5KQk8ikjg3LSml8HOrBK62dKiVwF4-pn9_ENGf3tKg=s800-c-k-c0x00ffffff-no-rj,Eimi Isami,33500,2024-09-14 01:01:00
22941,UC-tBLCGTheczDn5mYNoNWTQ,https://yt3.ggpht.com/0rXtcYLYdObEiRFBKWKwVapXu-tbDdxab5KQk8ikjg3LSml8HOrBK62dKiVwF4-pn9_ENGf3tKg=s800-c-k-c0x00ffffff-no-rj,Eimi Isami,33500,2024-09-15 01:01:01
22968,UC-tBLCGTheczDn5mYNoNWTQ,https://yt3.ggpht.com/0rXtcYLYdObEiRFBKWKwVapXu-tbDdxab5KQk8ikjg3LSml8HOrBK62dKiVwF4-pn9_ENGf3tKg=s800-c-k-c0x00ffffff-no-rj,Eimi Isami,33500,2024-09-16 01:01:07
22995,UC-tBLCGTheczDn5mYNoNWTQ,https://yt3.ggpht.com/0rXtcYLYdObEiRFBKWKwVapXu-tbDdxab5KQk8ikjg3LSml8HOrBK62dKiVwF4-pn9_ENGf3tKg=s800-c-k-c0x00ffffff-no-rj,Eimi Isami,33500,2024-09-17 01:01:14
23022,UC-tBLCGTheczDn5mYNoNWTQ,https://yt3.ggpht.com/0rXtcYLYdObEiRFBKWKwVapXu-tbDdxab5KQk8ikjg3LSml8HOrBK62dKiVwF4-pn9_ENGf3tKg=s800-c-k-c0x00ffffff-no-rj,Eimi Isami,33600,2024-09-18 01:01:01
23049,UC-tBLCGTheczDn5mYNoNWTQ,https://yt3.ggpht.com/0rXtcYLYdObEiRFBKWKwVapXu-tbDdxab5KQk8ikjg3LSml8HOrBK62dKiVwF4-pn9_ENGf3tKg=s800-c-k-c0x00ffffff-no-rj,Eimi Isami,33600,2024-09-19 01:00:52
23076,UC-tBLCGTheczDn5mYNoNWTQ,https://yt3.ggpht.com/0rXtcYLYdObEiRFBKWKwVapXu-tbDdxab5KQk8ikjg3LSml8HOrBK62dKiVwF4-pn9_ENGf3tKg=s800-c-k-c0x00ffffff-no-rj,Eimi Isami,33700,2024-09-20 01:00:49
23103,UC-tBLCGTheczDn5mYNoNWTQ,https://yt3.ggpht.com/0rXtcYLYdObEiRFBKWKwVapXu-tbDdxab5KQk8ikjg3LSml8HOrBK62dKiVwF4-pn9_ENGf3tKg=s800-c-k-c0x00ffffff-no-rj,Eimi Isami,33700,2024-09-21 01:01:03
23130,UC-tBLCGTheczDn5mYNoNWTQ,https://yt3.ggpht.com/0rXtcYLYdObEiRFBKWKwVapXu-tbDdxab5KQk8ikjg3LSml8HOrBK62dKiVwF4-pn9_ENGf3tKg=s800-c-k-c0x00ffffff-no-rj,Eimi Isami,33700,2024-09-22 01:01:02
23157,UC-tBLCGTheczDn5mYNoNWTQ,https://yt3.ggpht.com/0rXtcYLYdObEiRFBKWKwVapXu-tbDdxab5KQk8ikjg3LSml8HOrBK62dKiVwF4-pn9_ENGf3tKg=s800-c-k-c0x00ffffff-no-rj,Eimi Isami,33700,2024-09-23 01:01:11
23184,UC-tBLCGTheczDn5mYNoNWTQ,https://yt3.ggpht.com/0rXtcYLYdObEiRFBKWKwVapXu-tbDdxab5KQk8ikjg3LSml8HOrBK62dKiVwF4-pn9_ENGf3tKg=s800-c-k-c0x00ffffff-no-rj,Eimi Isami,33900,2024-09-24 01:00:56
23211,UC-tBLCGTheczDn5mYNoNWTQ,https://yt3.ggpht.com/0rXtcYLYdObEiRFBKWKwVapXu-tbDdxab5KQk8ikjg3LSml8HOrBK62dKiVwF4-pn9_ENGf3tKg=s800-c-k-c0x00ffffff-no-rj,Eimi Isami,34000,2024-09-25 01:00:53
23238,UC-tBLCGTheczDn5mYNoNWTQ,https://yt3.ggpht.com/0rXtcYLYdObEiRFBKWKwVapXu-tbDdxab5KQk8ikjg3LSml8HOrBK62dKiVwF4-pn9_ENGf3tKg=s800-c-k-c0x00ffffff-no-rj,Eimi Isami,34000,2024-09-26 01:01:12
23265,UC-tBLCGTheczDn5mYNoNWTQ,https://yt3.ggpht.com/0rXtcYLYdObEiRFBKWKwVapXu-tbDdxab5KQk8ikjg3LSml8HOrBK62dKiVwF4-pn9_ENGf3tKg=s800-c-k-c0x00ffffff-no-rj,Eimi Isami,34000,2024-09-27 01:00:53
23292,UC-tBLCGTheczDn5mYNoNWTQ,https://yt3.ggpht.com/0rXtcYLYdObEiRFBKWKwVapXu-tbDdxab5KQk8ikjg3LSml8HOrBK62dKiVwF4-pn9_ENGf3tKg=s800-c-k-c0x00ffffff-no-rj,Eimi Isami,34100,2024-09-28 01:00:47
23319,UC-tBLCGTheczDn5mYNoNWTQ,https://yt3.ggpht.com/0rXtcYLYdObEiRFBKWKwVapXu-tbDdxab5KQk8ikjg3LSml8HOrBK62dKiVwF4-pn9_ENGf3tKg=s800-c-k-c0x00ffffff-no-rj,Eimi Isami,34100,2024-09-29 01:00:54
23346,UC-tBLCGTheczDn5mYNoNWTQ,https://yt3.ggpht.com/0rXtcYLYdObEiRFBKWKwVapXu-tbDdxab5KQk8ikjg3LSml8HOrBK62dKiVwF4-pn9_ENGf3tKg=s800-c-k-c0x00ffffff-no-rj,Eimi Isami,34100,2024-09-30 01:01:10
23373,UC-tBLCGTheczDn5mYNoNWTQ,https://yt3.ggpht.com/0rXtcYLYdObEiRFBKWKwVapXu-tbDdxab5KQk8ikjg3LSml8HOrBK62dKiVwF4-pn9_ENGf3tKg=s800-c-k-c0x00ffffff-no-rj,Eimi Isami,34200,2024-10-01 01:01:09
23400,UC-tBLCGTheczDn5mYNoNWTQ,https://yt3.ggpht.com/0rXtcYLYdObEiRFBKWKwVapXu-tbDdxab5KQk8ikjg3LSml8HOrBK62dKiVwF4-pn9_ENGf3tKg=s800-c-k-c0x00ffffff-no-rj,Eimi Isami,34200,2024-10-02 01:00:43
23427,UC-tBLCGTheczDn5mYNoNWTQ,https://yt3.ggpht.com/0rXtcYLYdObEiRFBKWKwVapXu-tbDdxab5KQk8ikjg3LSml8HOrBK62dKiVwF4-pn9_ENGf3tKg=s800-c-k-c0x00ffffff-no-rj,Eimi Isami,34200,2024-10-03 01:00:49
23454,UC-tBLCGTheczDn5mYNoNWTQ,https://yt3.ggpht.com/0rXtcYLYdObEiRFBKWKwVapXu-tbDdxab5KQk8ikjg3LSml8HOrBK62dKiVwF4-pn9_ENGf3tKg=s800-c-k-c0x00ffffff-no-rj,Eimi Isami,34200,2024-10-04 01:01:12
23481,UC-tBLCGTheczDn5mYNoNWTQ,https://yt3.ggpht.com/0rXtcYLYdObEiRFBKWKwVapXu-tbDdxab5KQk8ikjg3LSml8HOrBK62dKiVwF4-pn9_ENGf3tKg=s800-c-k-c0x00ffffff-no-rj,Eimi Isami,34300,2024-10-05 01:00:47
23508,UC-tBLCGTheczDn5mYNoNWTQ,https://yt3.ggpht.com/0rXtcYLYdObEiRFBKWKwVapXu-tbDdxab5KQk8ikjg3LSml8HOrBK62dKiVwF4-pn9_ENGf3tKg=s800-c-k-c0x00ffffff-no-rj,Eimi Isami,34300,2024-10-06 01:01:11
23535,UC-tBLCGTheczDn5mYNoNWTQ,https://yt3.ggpht.com/0rXtcYLYdObEiRFBKWKwVapXu-tbDdxab5KQk8ikjg3LSml8HOrBK62dKiVwF4-pn9_ENGf3tKg=s800-c-k-c0x00ffffff-no-rj,Eimi Isami,34400,2024-10-07 01:01:20
23562,UC-tBLCGTheczDn5mYNoNWTQ,https://yt3.ggpht.com/0rXtcYLYdObEiRFBKWKwVapXu-tbDdxab5KQk8ikjg3LSml8HOrBK62dKiVwF4-pn9_ENGf3tKg=s800-c-k-c0x00ffffff-no-rj,Eimi Isami,34400,2024-10-08 01:00:56
23589,UC-tBLCGTheczDn5mYNoNWTQ,https://yt3.ggpht.com/0rXtcYLYdObEiRFBKWKwVapXu-tbDdxab5KQk8ikjg3LSml8HOrBK62dKiVwF4-pn9_ENGf3tKg=s800-c-k-c0x00ffffff-no-rj,Eimi Isami,34400,2024-10-09 01:01:00
23616,UC-tBLCGTheczDn5mYNoNWTQ,https://yt3.ggpht.com/0rXtcYLYdObEiRFBKWKwVapXu-tbDdxab5KQk8ikjg3LSml8HOrBK62dKiVwF4-pn9_ENGf3tKg=s800-c-k-c0x00ffffff-no-rj,Eimi Isami,34400,2024-10-10 01:00:55
23643,UC-tBLCGTheczDn5mYNoNWTQ,https://yt3.ggpht.com/0rXtcYLYdObEiRFBKWKwVapXu-tbDdxab5KQk8ikjg3LSml8HOrBK62dKiVwF4-pn9_ENGf3tKg=s800-c-k-c0x00ffffff-no-rj,Eimi Isami,34600,2024-10-11 01:00:50
23670,UC-tBLCGTheczDn5mYNoNWTQ,https://yt3.ggpht.com/0rXtcYLYdObEiRFBKWKwVapXu-tbDdxab5KQk8ikjg3LSml8HOrBK62dKiVwF4-pn9_ENGf3tKg=s800-c-k-c0x00ffffff-no-rj,Eimi Isami,34700,2024-10-12 01:00:56
23697,UC-tBLCGTheczDn5mYNoNWTQ,https://yt3.ggpht.com/0rXtcYLYdObEiRFBKWKwVapXu-tbDdxab5KQk8ikjg3LSml8HOrBK62dKiVwF4-pn9_ENGf3tKg=s800-c-k-c0x00ffffff-no-rj,Eimi Isami,34700,2024-10-13 01:00:48
23724,UC-tBLCGTheczDn5mYNoNWTQ,https://yt3.ggpht.com/0rXtcYLYdObEiRFBKWKwVapXu-tbDdxab5KQk8ikjg3LSml8HOrBK62dKiVwF4-pn9_ENGf3tKg=s800-c-k-c0x00ffffff-no-rj,Eimi Isami,34800,2024-10-14 01:00:43
23751,UC-tBLCGTheczDn5mYNoNWTQ,https://yt3.ggpht.com/0rXtcYLYdObEiRFBKWKwVapXu-tbDdxab5KQk8ikjg3LSml8HOrBK62dKiVwF4-pn9_ENGf3tKg=s800-c-k-c0x00ffffff-no-rj,Eimi Isami,34900,2024-10-15 01:00:51
23778,UC-tBLCGTheczDn5mYNoNWTQ,https://yt3.ggpht.com/0rXtcYLYdObEiRFBKWKwVapXu-tbDdxab5KQk8ikjg3LSml8HOrBK62dKiVwF4-pn9_ENGf3tKg=s800-c-k-c0x00ffffff-no-rj,Eimi Isami,34900,2024-10-16 01:01:11
23805,UC-tBLCGTheczDn5mYNoNWTQ,https://yt3.ggpht.com/0rXtcYLYdObEiRFBKWKwVapXu-tbDdxab5KQk8ikjg3LSml8HOrBK62dKiVwF4-pn9_ENGf3tKg=s800-c-k-c0x00ffffff-no-rj,Eimi Isami,35000,2024-10-17 01:00:50
23832,UC-tBLCGTheczDn5mYNoNWTQ,https://yt3.ggpht.com/0rXtcYLYdObEiRFBKWKwVapXu-tbDdxab5KQk8ikjg3LSml8HOrBK62dKiVwF4-pn9_ENGf3tKg=s800-c-k-c0x00ffffff-no-rj,Eimi Isami,35000,2024-10-18 01:00:41
23859,UC-tBLCGTheczDn5mYNoNWTQ,https://yt3.ggpht.com/0rXtcYLYdObEiRFBKWKwVapXu-tbDdxab5KQk8ikjg3LSml8HOrBK62dKiVwF4-pn9_ENGf3tKg=s800-c-k-c0x00ffffff-no-rj,Eimi Isami,35100,2024-10-19 01:00:44
23886,UC-tBLCGTheczDn5mYNoNWTQ,https://yt3.ggpht.com/0rXtcYLYdObEiRFBKWKwVapXu-tbDdxab5KQk8ikjg3LSml8HOrBK62dKiVwF4-pn9_ENGf3tKg=s800-c-k-c0x00ffffff-no-rj,Eimi Isami,35100,2024-10-20 01:00:44
23913,UC-tBLCGTheczDn5mYNoNWTQ,https://yt3.ggpht.com/0rXtcYLYdObEiRFBKWKwVapXu-tbDdxab5KQk8ikjg3LSml8HOrBK62dKiVwF4-pn9_ENGf3tKg=s800-c-k-c0x00ffffff-no-rj,Eimi Isami,35100,2024-10-21 01:01:10
23940,UC-tBLCGTheczDn5mYNoNWTQ,https://yt3.ggpht.com/0rXtcYLYdObEiRFBKWKwVapXu-tbDdxab5KQk8ikjg3LSml8HOrBK62dKiVwF4-pn9_ENGf3tKg=s800-c-k-c0x00ffffff-no-rj,Eimi Isami,35200,2024-10-22 01:01:01
23967,UC-tBLCGTheczDn5mYNoNWTQ,https://yt3.ggpht.com/0rXtcYLYdObEiRFBKWKwVapXu-tbDdxab5KQk8ikjg3LSml8HOrBK62dKiVwF4-pn9_ENGf3tKg=s800-c-k-c0x00ffffff-no-rj,Eimi Isami,35200,2024-10-23 01:00:55
23994,UC-tBLCGTheczDn5mYNoNWTQ,https://yt3.ggpht.com/0rXtcYLYdObEiRFBKWKwVapXu-tbDdxab5KQk8ikjg3LSml8HOrBK62dKiVwF4-pn9_ENGf3tKg=s800-c-k-c0x00ffffff-no-rj,Eimi Isami,35300,2024-10-24 01:00:50
24021,UC-tBLCGTheczDn5mYNoNWTQ,https://yt3.ggpht.com/0rXtcYLYdObEiRFBKWKwVapXu-tbDdxab5KQk8ikjg3LSml8HOrBK62dKiVwF4-pn9_ENGf3tKg=s800-c-k-c0x00ffffff-no-rj,Eimi Isami,35300,2024-10-25 01:01:06
24048,UC-tBLCGTheczDn5mYNoNWTQ,https://yt3.ggpht.com/0rXtcYLYdObEiRFBKWKwVapXu-tbDdxab5KQk8ikjg3LSml8HOrBK62dKiVwF4-pn9_ENGf3tKg=s800-c-k-c0x00ffffff-no-rj,Eimi Isami,35300,2024-10-26 01:01:12
24075,UC-tBLCGTheczDn5mYNoNWTQ,https://yt3.ggpht.com/0rXtcYLYdObEiRFBKWKwVapXu-tbDdxab5KQk8ikjg3LSml8HOrBK62dKiVwF4-pn9_ENGf3tKg=s800-c-k-c0x00ffffff-no-rj,Eimi Isami,35400,2024-10-27 01:01:11
24102,UC-tBLCGTheczDn5mYNoNWTQ,https://yt3.ggpht.com/0rXtcYLYdObEiRFBKWKwVapXu-tbDdxab5KQk8ikjg3LSml8HOrBK62dKiVwF4-pn9_ENGf3tKg=s800-c-k-c0x00ffffff-no-rj,Eimi Isami,35400,2024-10-28 01:01:10
24129,UC-tBLCGTheczDn5mYNoNWTQ,https://yt3.ggpht.com/0rXtcYLYdObEiRFBKWKwVapXu-tbDdxab5KQk8ikjg3LSml8HOrBK62dKiVwF4-pn9_ENGf3tKg=s800-c-k-c0x00ffffff-no-rj,Eimi Isami,35400,2024-10-29 01:01:00
24156,UC-tBLCGTheczDn5mYNoNWTQ,https://yt3.ggpht.com/0rXtcYLYdObEiRFBKWKwVapXu-tbDdxab5KQk8ikjg3LSml8HOrBK62dKiVwF4-pn9_ENGf3tKg=s800-c-k-c0x00ffffff-no-rj,Eimi Isami,35400,2024-10-30 01:00:47
24183,UC-tBLCGTheczDn5mYNoNWTQ,https://yt3.ggpht.com/0rXtcYLYdObEiRFBKWKwVapXu-tbDdxab5KQk8ikjg3LSml8HOrBK62dKiVwF4-pn9_ENGf3tKg=s800-c-k-c0x00ffffff-no-rj,Eimi Isami,35400,2024-10-31 01:01:18
24210,UC-tBLCGTheczDn5mYNoNWTQ,https://yt3.ggpht.com/0rXtcYLYdObEiRFBKWKwVapXu-tbDdxab5KQk8ikjg3LSml8HOrBK62dKiVwF4-pn9_ENGf3tKg=s800-c-k-c0x00ffffff-no-rj,Eimi Isami,35500,2024-11-01 01:00:59
24237,UC-tBLCGTheczDn5mYNoNWTQ,https://yt3.ggpht.com/0rXtcYLYdObEiRFBKWKwVapXu-tbDdxab5KQk8ikjg3LSml8HOrBK62dKiVwF4-pn9_ENGf3tKg=s800-c-k-c0x00ffffff-no-rj,Eimi Isami,35500,2024-11-02 01:00:49
24264,UC-tBLCGTheczDn5mYNoNWTQ,https://yt3.ggpht.com/0rXtcYLYdObEiRFBKWKwVapXu-tbDdxab5KQk8ikjg3LSml8HOrBK62dKiVwF4-pn9_ENGf3tKg=s800-c-k-c0x00ffffff-no-rj,Eimi Isami,35600,2024-11-03 01:01:06
